cross_section,f_B,Ti_keV,PF_over_PB
TB,0.0500,150.0,0.62773
TB,0.0500,175.0,0.74638
TB,0.0500,200.0,0.83294
TB,0.0500,225.0,0.89272
TB,0.0500,250.0,0.93172
TB,0.0500,275.0,0.95603
TB,0.0500,300.0,0.96823
TB,0.0500,325.0,0.97156
TB,0.0500,350.0,0.97044
TB,0.0500,375.0,0.96561
TB,0.0500,400.0,0.95835
TB,0.0500,425.0,0.94957
TB,0.0500,450.0,0.93991
TB,0.0500,475.0,0.92980
TB,0.0500,500.0,0.91953
TB,0.0500,525.0,0.90928
TB,0.0500,550.0,0.89917
TB,0.0500,575.0,0.88927
TB,0.0500,600.0,0.87961
TB,0.0625,150.0,0.67758
TB,0.0625,175.0,0.80658
TB,0.0625,200.0,0.90156
TB,0.0625,225.0,0.96790
TB,0.0625,250.0,1.01174
TB,0.0625,275.0,1.03952
TB,0.0625,300.0,1.05423
TB,0.0625,325.0,1.06021
TB,0.0625,350.0,1.06010
TB,0.0625,375.0,1.05516
TB,0.0625,400.0,1.04828
TB,0.0625,425.0,1.03965
TB,0.0625,450.0,1.02997
TB,0.0625,475.0,1.01973
TB,0.0625,500.0,1.00925
TB,0.0625,525.0,0.99873
TB,0.0625,550.0,0.98831
TB,0.0625,575.0,0.97806
TB,0.0625,600.0,0.96803
TB,0.0750,150.0,0.70824
TB,0.0750,175.0,0.84638
TB,0.0750,200.0,0.94681
TB,0.0750,225.0,1.01797
TB,0.0750,250.0,1.06550
TB,0.0750,275.0,1.09530
TB,0.0750,300.0,1.11279
TB,0.0750,325.0,1.12032
TB,0.0750,350.0,1.12133
TB,0.0750,375.0,1.11789
TB,0.0750,400.0,1.11085
TB,0.0750,425.0,1.10258
TB,0.0750,450.0,1.09313
TB,0.0750,475.0,1.08301
TB,0.0750,500.0,1.07258
TB,0.0750,525.0,1.06206
TB,0.0750,550.0,1.05159
TB,0.0750,575.0,1.04126
TB,0.0750,600.0,1.03112
TB,0.0875,150.0,0.72738
TB,0.0875,175.0,0.86911
TB,0.0875,200.0,0.97528
TB,0.0875,225.0,1.04992
TB,0.0875,250.0,1.10023
TB,0.0875,275.0,1.13222
TB,0.0875,300.0,1.15136
TB,0.0875,325.0,1.16022
TB,0.0875,350.0,1.16228
TB,0.0875,375.0,1.15964
TB,0.0875,400.0,1.15383
TB,0.0875,425.0,1.14543
TB,0.0875,450.0,1.13633
TB,0.0875,475.0,1.12649
TB,0.0875,500.0,1.11627
TB,0.0875,525.0,1.10590
TB,0.0875,550.0,1.09555
TB,0.0875,575.0,1.08531
TB,0.0875,600.0,1.07522
TB,0.1000,150.0,0.73738
TB,0.1000,175.0,0.88266
TB,0.1000,200.0,0.99143
TB,0.1000,225.0,1.06854
TB,0.1000,250.0,1.12091
TB,0.1000,275.0,1.15459
TB,0.1000,300.0,1.17453
TB,0.1000,325.0,1.18507
TB,0.1000,350.0,1.18807
TB,0.1000,375.0,1.18620
TB,0.1000,400.0,1.18103
TB,0.1000,425.0,1.17368
TB,0.1000,450.0,1.16496
TB,0.1000,475.0,1.15500
TB,0.1000,500.0,1.14508
TB,0.1000,525.0,1.13497
TB,0.1000,550.0,1.12484
TB,0.1000,575.0,1.11478
TB,0.1000,600.0,1.10485
TB,0.1125,150.0,0.74071
TB,0.1125,175.0,0.88873
TB,0.1125,200.0,0.99881
TB,0.1125,225.0,1.07720
TB,0.1125,250.0,1.13105
TB,0.1125,275.0,1.16602
TB,0.1125,300.0,1.18708
TB,0.1125,325.0,1.19852
TB,0.1125,350.0,1.20235
TB,0.1125,375.0,1.20120
TB,0.1125,400.0,1.19665
TB,0.1125,425.0,1.18984
TB,0.1125,450.0,1.18159
TB,0.1125,475.0,1.17246
TB,0.1125,500.0,1.16246
TB,0.1125,525.0,1.15267
TB,0.1125,550.0,1.14281
TB,0.1125,575.0,1.13300
TB,0.1125,600.0,1.12330
TB,0.1250,150.0,0.73907
TB,0.1250,175.0,0.88792
TB,0.1250,200.0,0.99943
TB,0.1250,225.0,1.07832
TB,0.1250,250.0,1.13319
TB,0.1250,275.0,1.16912
TB,0.1250,300.0,1.19105
TB,0.1250,325.0,1.20285
TB,0.1250,350.0,1.20782
TB,0.1250,375.0,1.20732
TB,0.1250,400.0,1.20335
TB,0.1250,425.0,1.19707
TB,0.1250,450.0,1.18929
TB,0.1250,475.0,1.18059
TB,0.1250,500.0,1.17136
TB,0.1250,525.0,1.16188
TB,0.1250,550.0,1.15199
TB,0.1250,575.0,1.14247
TB,0.1250,600.0,1.13302
TB,0.1375,150.0,0.73369
TB,0.1375,175.0,0.88250
TB,0.1375,200.0,0.99263
TB,0.1375,225.0,1.07370
TB,0.1375,250.0,1.12920
TB,0.1375,275.0,1.16581
TB,0.1375,300.0,1.18843
TB,0.1375,325.0,1.20089
TB,0.1375,350.0,1.20645
TB,0.1375,375.0,1.20654
TB,0.1375,400.0,1.20313
TB,0.1375,425.0,1.19735
TB,0.1375,450.0,1.19004
TB,0.1375,475.0,1.18177
TB,0.1375,500.0,1.17294
TB,0.1375,525.0,1.16381
TB,0.1375,550.0,1.15457
TB,0.1375,575.0,1.14504
TB,0.1375,600.0,1.13588
TB,0.1500,150.0,0.72549
TB,0.1500,175.0,0.87359
TB,0.1500,200.0,0.98351
TB,0.1500,225.0,1.06467
TB,0.1500,250.0,1.12049
TB,0.1500,275.0,1.15756
TB,0.1500,300.0,1.18070
TB,0.1500,325.0,1.19370
TB,0.1500,350.0,1.19944
TB,0.1500,375.0,1.20038
TB,0.1500,400.0,1.19747
TB,0.1500,425.0,1.19218
TB,0.1500,450.0,1.18532
TB,0.1500,475.0,1.17747
TB,0.1500,500.0,1.16903
TB,0.1500,525.0,1.16028
TB,0.1500,550.0,1.15139
TB,0.1500,575.0,1.14246
TB,0.1500,600.0,1.13331
TB,0.1625,150.0,0.71515
TB,0.1625,175.0,0.86201
TB,0.1625,200.0,0.97131
TB,0.1625,225.0,1.05251
TB,0.1625,250.0,1.10814
TB,0.1625,275.0,1.14547
TB,0.1625,300.0,1.16898
TB,0.1625,325.0,1.18241
TB,0.1625,350.0,1.18861
TB,0.1625,375.0,1.19000
TB,0.1625,400.0,1.18756
TB,0.1625,425.0,1.18271
TB,0.1625,450.0,1.17628
TB,0.1625,475.0,1.16884
TB,0.1625,500.0,1.16080
TB,0.1625,525.0,1.15241
TB,0.1625,550.0,1.14386
TB,0.1625,575.0,1.13526
TB,0.1625,600.0,1.12668
TB,0.1750,150.0,0.70321
TB,0.1750,175.0,0.84840
TB,0.1750,200.0,0.95676
TB,0.1750,225.0,1.03674
TB,0.1750,250.0,1.09297
TB,0.1750,275.0,1.13039
TB,0.1750,300.0,1.15415
TB,0.1750,325.0,1.16792
TB,0.1750,350.0,1.17452
TB,0.1750,375.0,1.17603
TB,0.1750,400.0,1.17428
TB,0.1750,425.0,1.16985
TB,0.1750,450.0,1.16383
TB,0.1750,475.0,1.15679
TB,0.1750,500.0,1.14912
TB,0.1750,525.0,1.14109
TB,0.1750,550.0,1.13288
TB,0.1750,575.0,1.12461
TB,0.1750,600.0,1.11633
TB,0.1875,150.0,0.69007
TB,0.1875,175.0,0.83326
TB,0.1875,200.0,0.94042
TB,0.1875,225.0,1.01970
TB,0.1875,250.0,1.07561
TB,0.1875,275.0,1.11300
TB,0.1875,300.0,1.13690
TB,0.1875,325.0,1.15093
TB,0.1875,350.0,1.15785
TB,0.1875,375.0,1.15974
TB,0.1875,400.0,1.15835
TB,0.1875,425.0,1.15431
TB,0.1875,450.0,1.14868
TB,0.1875,475.0,1.14201
TB,0.1875,500.0,1.13470
TB,0.1875,525.0,1.12702
TB,0.1875,550.0,1.11915
TB,0.1875,575.0,1.11119
TB,0.1875,600.0,1.10322
TB,0.2000,150.0,0.67603
TB,0.2000,175.0,0.81696
TB,0.2000,200.0,0.92271
TB,0.2000,225.0,1.00112
TB,0.2000,250.0,1.05657
TB,0.2000,275.0,1.09382
TB,0.2000,300.0,1.11777
TB,0.2000,325.0,1.13199
TB,0.2000,350.0,1.13918
TB,0.2000,375.0,1.14139
TB,0.2000,400.0,1.14011
TB,0.2000,425.0,1.13666
TB,0.2000,450.0,1.13139
TB,0.2000,475.0,1.12508
TB,0.2000,500.0,1.11812
TB,0.2000,525.0,1.11077
TB,0.2000,550.0,1.10322
TB,0.2000,575.0,1.09557
TB,0.2000,600.0,1.08790
TB,0.2125,150.0,0.66135
TB,0.2125,175.0,0.79981
TB,0.2125,200.0,0.90397
TB,0.2125,225.0,0.98138
TB,0.2125,250.0,1.03595
TB,0.2125,275.0,1.07326
TB,0.2125,300.0,1.09719
TB,0.2125,325.0,1.11153
TB,0.2125,350.0,1.11895
TB,0.2125,375.0,1.12143
TB,0.2125,400.0,1.12047
TB,0.2125,425.0,1.11734
TB,0.2125,450.0,1.11241
TB,0.2125,475.0,1.10644
TB,0.2125,500.0,1.09981
TB,0.2125,525.0,1.09279
TB,0.2125,550.0,1.08555
TB,0.2125,575.0,1.07820
TB,0.2125,600.0,1.07082
TB,0.2250,150.0,0.64622
TB,0.2250,175.0,0.78204
TB,0.2250,200.0,0.88449
TB,0.2250,225.0,0.96078
TB,0.2250,250.0,1.01469
TB,0.2250,275.0,1.05167
TB,0.2250,300.0,1.07551
TB,0.2250,325.0,1.08992
TB,0.2250,350.0,1.09751
TB,0.2250,375.0,1.10024
TB,0.2250,400.0,1.09956
TB,0.2250,425.0,1.09653
TB,0.2250,450.0,1.09212
TB,0.2250,475.0,1.08646
TB,0.2250,500.0,1.08015
TB,0.2250,525.0,1.07344
TB,0.2250,550.0,1.06650
TB,0.2250,575.0,1.05944
TB,0.2250,600.0,1.05234
TB,0.2375,150.0,0.63078
TB,0.2375,175.0,0.76385
TB,0.2375,200.0,0.86448
TB,0.2375,225.0,0.93955
TB,0.2375,250.0,0.99271
TB,0.2375,275.0,1.02929
TB,0.2375,300.0,1.05299
TB,0.2375,325.0,1.06742
TB,0.2375,350.0,1.07515
TB,0.2375,375.0,1.07809
TB,0.2375,400.0,1.07767
TB,0.2375,425.0,1.07492
TB,0.2375,450.0,1.07080
TB,0.2375,475.0,1.06545
TB,0.2375,500.0,1.05944
TB,0.2375,525.0,1.05302
TB,0.2375,550.0,1.04637
TB,0.2375,575.0,1.03960
TB,0.2375,600.0,1.03277
TB,0.2500,150.0,0.61516
TB,0.2500,175.0,0.74539
TB,0.2500,200.0,0.84411
TB,0.2500,225.0,0.91788
TB,0.2500,250.0,0.97024
TB,0.2500,275.0,1.00612
TB,0.2500,300.0,1.02986
TB,0.2500,325.0,1.04428
TB,0.2500,350.0,1.05210
TB,0.2500,375.0,1.05523
TB,0.2500,400.0,1.05504
TB,0.2500,425.0,1.05255
TB,0.2500,450.0,1.04870
TB,0.2500,475.0,1.04364
TB,0.2500,500.0,1.03791
TB,0.2500,525.0,1.03178
TB,0.2500,550.0,1.02541
TB,0.2500,575.0,1.01890
TB,0.2500,600.0,1.01233
TB,0.2625,150.0,0.59946
TB,0.2625,175.0,0.72677
TB,0.2625,200.0,0.82352
TB,0.2625,225.0,0.89593
TB,0.2625,250.0,0.94743
TB,0.2625,275.0,0.98281
TB,0.2625,300.0,1.00631
TB,0.2625,325.0,1.02067
TB,0.2625,350.0,1.02857
TB,0.2625,375.0,1.03184
TB,0.2625,400.0,1.03186
TB,0.2625,425.0,1.02962
TB,0.2625,450.0,1.02585
TB,0.2625,475.0,1.02123
TB,0.2625,500.0,1.01578
TB,0.2625,525.0,1.00991
TB,0.2625,550.0,1.00380
TB,0.2625,575.0,0.99756
TB,0.2625,600.0,0.99124
TB,0.2750,150.0,0.58375
TB,0.2750,175.0,0.70809
TB,0.2750,200.0,0.80282
TB,0.2750,225.0,0.87382
TB,0.2750,250.0,0.92442
TB,0.2750,275.0,0.95926
TB,0.2750,300.0,0.98248
TB,0.2750,325.0,0.99675
TB,0.2750,350.0,1.00469
TB,0.2750,375.0,1.00810
TB,0.2750,400.0,1.00830
TB,0.2750,425.0,1.00629
TB,0.2750,450.0,1.00275
TB,0.2750,475.0,0.99839
TB,0.2750,500.0,0.99319
TB,0.2750,525.0,0.98758
TB,0.2750,550.0,0.98173
TB,0.2750,575.0,0.97574
TB,0.2750,600.0,0.96966
TB,0.2875,150.0,0.56809
TB,0.2875,175.0,0.68943
TB,0.2875,200.0,0.78210
TB,0.2875,225.0,0.85166
TB,0.2875,250.0,0.90131
TB,0.2875,275.0,0.93558
TB,0.2875,300.0,0.95850
TB,0.2875,325.0,0.97265
TB,0.2875,350.0,0.98061
TB,0.2875,375.0,0.98412
TB,0.2875,400.0,0.98449
TB,0.2875,425.0,0.98268
TB,0.2875,450.0,0.97938
TB,0.2875,475.0,0.97508
TB,0.2875,500.0,0.97029
TB,0.2875,525.0,0.96493
TB,0.2875,550.0,0.95932
TB,0.2875,575.0,0.95357
TB,0.2875,600.0,0.94773
TB,0.3000,150.0,0.55253
TB,0.3000,175.0,0.67085
TB,0.3000,200.0,0.76144
TB,0.3000,225.0,0.82953
TB,0.3000,250.0,0.87820
TB,0.3000,275.0,0.91187
TB,0.3000,300.0,0.93425
TB,0.3000,325.0,0.94847
TB,0.3000,350.0,0.95642
TB,0.3000,375.0,0.96002
TB,0.3000,400.0,0.96054
TB,0.3000,425.0,0.95892
TB,0.3000,450.0,0.95583
TB,0.3000,475.0,0.95175
TB,0.3000,500.0,0.94720
TB,0.3000,525.0,0.94207
TB,0.3000,550.0,0.93669
TB,0.3000,575.0,0.93117
TB,0.3000,600.0,0.92556
wang,0.0500,150.0,0.54026
wang,0.0500,175.0,0.63572
wang,0.0500,200.0,0.70438
wang,0.0500,225.0,0.75127
wang,0.0500,250.0,0.78161
wang,0.0500,275.0,0.79907
wang,0.0500,300.0,0.80865
wang,0.0500,325.0,0.81283
wang,0.0500,350.0,0.81249
wang,0.0500,375.0,0.80951
wang,0.0500,400.0,0.80489
wang,0.0500,425.0,0.79935
wang,0.0500,450.0,0.79334
wang,0.0500,475.0,0.78721
wang,0.0500,500.0,0.78116
wang,0.0500,525.0,0.77531
wang,0.0500,550.0,0.76974
wang,0.0500,575.0,0.76447
wang,0.0500,600.0,0.75952
wang,0.0625,150.0,0.58268
wang,0.0625,175.0,0.68749
wang,0.0625,200.0,0.76292
wang,0.0625,225.0,0.81515
wang,0.0625,250.0,0.84944
wang,0.0625,275.0,0.87126
wang,0.0625,300.0,0.88289
wang,0.0625,325.0,0.88793
wang,0.0625,350.0,0.88770
wang,0.0625,375.0,0.88539
wang,0.0625,400.0,0.88122
wang,0.0625,425.0,0.87595
wang,0.0625,450.0,0.87012
wang,0.0625,475.0,0.86409
wang,0.0625,500.0,0.85809
wang,0.0625,525.0,0.85227
wang,0.0625,550.0,0.84671
wang,0.0625,575.0,0.84145
wang,0.0625,600.0,0.83649
wang,0.0750,150.0,0.60994
wang,0.0750,175.0,0.72009
wang,0.0750,200.0,0.80161
wang,0.0750,225.0,0.85779
wang,0.0750,250.0,0.89511
wang,0.0750,275.0,0.91851
wang,0.0750,300.0,0.93255
wang,0.0750,325.0,0.93890
wang,0.0750,350.0,0.94043
wang,0.0750,375.0,0.93876
wang,0.0750,400.0,0.93444
wang,0.0750,425.0,0.92958
wang,0.0750,450.0,0.92407
wang,0.0750,475.0,0.91830
wang,0.0750,500.0,0.91250
wang,0.0750,525.0,0.90686
wang,0.0750,550.0,0.90145
wang,0.0750,575.0,0.89633
wang,0.0750,600.0,0.89150
wang,0.0875,150.0,0.62659
wang,0.0875,175.0,0.74126
wang,0.0875,200.0,0.82599
wang,0.0875,225.0,0.88506
wang,0.0875,250.0,0.92468
wang,0.0875,275.0,0.94989
wang,0.0875,300.0,0.96532
wang,0.0875,325.0,0.97281
wang,0.0875,350.0,0.97525
wang,0.0875,375.0,0.97430
wang,0.0875,400.0,0.97117
wang,0.0875,425.0,0.96617
wang,0.0875,450.0,0.96104
wang,0.0875,475.0,0.95560
wang,0.0875,500.0,0.95010
wang,0.0875,525.0,0.94471
wang,0.0875,550.0,0.93954
wang,0.0875,575.0,0.93463
wang,0.0875,600.0,0.93000
wang,0.1000,150.0,0.63530
wang,0.1000,175.0,0.75294
wang,0.1000,200.0,0.83987
wang,0.1000,225.0,0.90100
wang,0.1000,250.0,0.94233
wang,0.1000,275.0,0.96896
wang,0.1000,300.0,0.98497
wang,0.1000,325.0,0.99396
wang,0.1000,350.0,0.99721
wang,0.1000,375.0,0.99695
wang,0.1000,400.0,0.99439
wang,0.1000,425.0,0.99043
wang,0.1000,450.0,0.98517
wang,0.1000,475.0,0.98010
wang,0.1000,500.0,0.97492
wang,0.1000,525.0,0.96984
wang,0.1000,550.0,0.96494
wang,0.1000,575.0,0.96029
wang,0.1000,600.0,0.95590
wang,0.1125,150.0,0.63823
wang,0.1125,175.0,0.75792
wang,0.1125,200.0,0.84642
wang,0.1125,225.0,0.90845
wang,0.1125,250.0,0.95102
wang,0.1125,275.0,0.97874
wang,0.1125,300.0,0.99569
wang,0.1125,325.0,1.00499
wang,0.1125,350.0,1.00942
wang,0.1125,375.0,1.00978
wang,0.1125,400.0,1.00777
wang,0.1125,425.0,1.00429
wang,0.1125,450.0,0.99996
wang,0.1125,475.0,0.99521
wang,0.1125,500.0,0.98993
wang,0.1125,525.0,0.98516
wang,0.1125,550.0,0.98056
wang,0.1125,575.0,0.97618
wang,0.1125,600.0,0.97204
wang,0.1250,150.0,0.63685
wang,0.1250,175.0,0.75728
wang,0.1250,200.0,0.84519
wang,0.1250,225.0,0.90948
wang,0.1250,250.0,0.95292
wang,0.1250,275.0,0.98145
wang,0.1250,300.0,0.99914
wang,0.1250,325.0,1.00912
wang,0.1250,350.0,1.01413
wang,0.1250,375.0,1.01505
wang,0.1250,400.0,1.01355
wang,0.1250,425.0,1.01052
wang,0.1250,450.0,1.00661
wang,0.1250,475.0,1.00225
wang,0.1250,500.0,0.99772
wang,0.1250,525.0,0.99286
wang,0.1250,550.0,0.98856
wang,0.1250,575.0,0.98445
wang,0.1250,600.0,0.98058
wang,0.1375,150.0,0.63223
wang,0.1375,175.0,0.75268
wang,0.1375,200.0,0.84117
wang,0.1375,225.0,0.90561
wang,0.1375,250.0,0.94960
wang,0.1375,275.0,0.97871
wang,0.1375,300.0,0.99699
wang,0.1375,325.0,1.00752
wang,0.1375,350.0,1.01265
wang,0.1375,375.0,1.01445
wang,0.1375,400.0,1.01341
wang,0.1375,425.0,1.01082
wang,0.1375,450.0,1.00731
wang,0.1375,475.0,1.00331
wang,0.1375,500.0,0.99913
wang,0.1375,525.0,0.99495
wang,0.1375,550.0,0.99056
wang,0.1375,575.0,0.98673
wang,0.1375,600.0,0.98311
wang,0.1500,150.0,0.62515
wang,0.1500,175.0,0.74506
wang,0.1500,200.0,0.83318
wang,0.1500,225.0,0.89800
wang,0.1500,250.0,0.94227
wang,0.1500,275.0,0.97177
wang,0.1500,300.0,0.99049
wang,0.1500,325.0,1.00148
wang,0.1500,350.0,1.00705
wang,0.1500,375.0,1.00927
wang,0.1500,400.0,1.00865
wang,0.1500,425.0,1.00646
wang,0.1500,450.0,1.00331
wang,0.1500,475.0,0.99967
wang,0.1500,500.0,0.99581
wang,0.1500,525.0,0.99195
wang,0.1500,550.0,0.98818
wang,0.1500,575.0,0.98427
wang,0.1500,600.0,0.98090
wang,0.1625,150.0,0.61623
wang,0.1625,175.0,0.73515
wang,0.1625,200.0,0.82281
wang,0.1625,225.0,0.88789
wang,0.1625,250.0,0.93183
wang,0.1625,275.0,0.96157
wang,0.1625,300.0,0.98060
wang,0.1625,325.0,0.99195
wang,0.1625,350.0,0.99791
wang,0.1625,375.0,1.00049
wang,0.1625,400.0,1.00025
wang,0.1625,425.0,0.99842
wang,0.1625,450.0,0.99563
wang,0.1625,475.0,0.99231
wang,0.1625,500.0,0.98876
wang,0.1625,525.0,0.98519
wang,0.1625,550.0,0.98170
wang,0.1625,575.0,0.97836
wang,0.1625,600.0,0.97520
wang,0.1750,150.0,0.60592
wang,0.1750,175.0,0.72350
wang,0.1750,200.0,0.81042
wang,0.1750,225.0,0.87417
wang,0.1750,250.0,0.91898
wang,0.1750,275.0,0.94882
wang,0.1750,300.0,0.96807
wang,0.1750,325.0,0.97971
wang,0.1750,350.0,0.98598
wang,0.1750,375.0,0.98857
wang,0.1750,400.0,0.98898
wang,0.1750,425.0,0.98748
wang,0.1750,450.0,0.98501
wang,0.1750,475.0,0.98200
wang,0.1750,500.0,0.97875
wang,0.1750,525.0,0.97544
wang,0.1750,550.0,0.97221
wang,0.1750,575.0,0.96912
wang,0.1750,600.0,0.96619
wang,0.1875,150.0,0.59455
wang,0.1875,175.0,0.71052
wang,0.1875,200.0,0.79650
wang,0.1875,225.0,0.85971
wang,0.1875,250.0,0.90428
wang,0.1875,275.0,0.93411
wang,0.1875,300.0,0.95349
wang,0.1875,325.0,0.96534
wang,0.1875,350.0,0.97188
wang,0.1875,375.0,0.97475
wang,0.1875,400.0,0.97545
wang,0.1875,425.0,0.97425
wang,0.1875,450.0,0.97208
wang,0.1875,475.0,0.96936
wang,0.1875,500.0,0.96638
wang,0.1875,525.0,0.96333
wang,0.1875,550.0,0.96034
wang,0.1875,575.0,0.95748
wang,0.1875,600.0,0.95476
wang,0.2000,150.0,0.58242
wang,0.2000,175.0,0.69655
wang,0.2000,200.0,0.78141
wang,0.2000,225.0,0.84394
wang,0.2000,250.0,0.88816
wang,0.2000,275.0,0.91788
wang,0.2000,300.0,0.93731
wang,0.2000,325.0,0.94931
wang,0.2000,350.0,0.95607
wang,0.2000,375.0,0.95919
wang,0.2000,400.0,0.95987
wang,0.2000,425.0,0.95922
wang,0.2000,450.0,0.95732
wang,0.2000,475.0,0.95486
wang,0.2000,500.0,0.95213
wang,0.2000,525.0,0.94933
wang,0.2000,550.0,0.94657
wang,0.2000,575.0,0.94392
wang,0.2000,600.0,0.94141
wang,0.2125,150.0,0.56973
wang,0.2125,175.0,0.68185
wang,0.2125,200.0,0.76544
wang,0.2125,225.0,0.82718
wang,0.2125,250.0,0.87059
wang,0.2125,275.0,0.90049
wang,0.2125,300.0,0.91990
wang,0.2125,325.0,0.93200
wang,0.2125,350.0,0.93893
wang,0.2125,375.0,0.94227
wang,0.2125,400.0,0.94319
wang,0.2125,425.0,0.94277
wang,0.2125,450.0,0.94112
wang,0.2125,475.0,0.93891
wang,0.2125,500.0,0.93641
wang,0.2125,525.0,0.93383
wang,0.2125,550.0,0.93129
wang,0.2125,575.0,0.92884
wang,0.2125,600.0,0.92652
wang,0.2250,150.0,0.55664
wang,0.2250,175.0,0.66663
wang,0.2250,200.0,0.74884
wang,0.2250,225.0,0.80968
wang,0.2250,250.0,0.85257
wang,0.2250,275.0,0.88221
wang,0.2250,300.0,0.90155
wang,0.2250,325.0,0.91371
wang,0.2250,350.0,0.92077
wang,0.2250,375.0,0.92430
wang,0.2250,400.0,0.92542
wang,0.2250,425.0,0.92498
wang,0.2250,450.0,0.92380
wang,0.2250,475.0,0.92180
wang,0.2250,500.0,0.91953
wang,0.2250,525.0,0.91716
wang,0.2250,550.0,0.91481
wang,0.2250,575.0,0.91255
wang,0.2250,600.0,0.91041
wang,0.2375,150.0,0.54329
wang,0.2375,175.0,0.65104
wang,0.2375,200.0,0.73179
wang,0.2375,225.0,0.79166
wang,0.2375,250.0,0.83396
wang,0.2375,275.0,0.86328
wang,0.2375,300.0,0.88250
wang,0.2375,325.0,0.89468
wang,0.2375,350.0,0.90184
wang,0.2375,375.0,0.90552
wang,0.2375,400.0,0.90683
wang,0.2375,425.0,0.90659
wang,0.2375,450.0,0.90560
wang,0.2375,475.0,0.90382
wang,0.2375,500.0,0.90175
wang,0.2375,525.0,0.89957
wang,0.2375,550.0,0.89741
wang,0.2375,575.0,0.89532
wang,0.2375,600.0,0.89335
wang,0.2500,150.0,0.52979
wang,0.2500,175.0,0.63521
wang,0.2500,200.0,0.71443
wang,0.2500,225.0,0.77326
wang,0.2500,250.0,0.81493
wang,0.2500,275.0,0.84388
wang,0.2500,300.0,0.86295
wang,0.2500,325.0,0.87510
wang,0.2500,350.0,0.88233
wang,0.2500,375.0,0.88613
wang,0.2500,400.0,0.88761
wang,0.2500,425.0,0.88755
wang,0.2500,450.0,0.88653
wang,0.2500,475.0,0.88515
wang,0.2500,500.0,0.88327
wang,0.2500,525.0,0.88127
wang,0.2500,550.0,0.87928
wang,0.2500,575.0,0.87736
wang,0.2500,600.0,0.87554
wang,0.2625,150.0,0.51622
wang,0.2625,175.0,0.61926
wang,0.2625,200.0,0.69689
wang,0.2625,225.0,0.75464
wang,0.2625,250.0,0.79561
wang,0.2625,275.0,0.82389
wang,0.2625,300.0,0.84304
wang,0.2625,325.0,0.85513
wang,0.2625,350.0,0.86241
wang,0.2625,375.0,0.86632
wang,0.2625,400.0,0.86793
wang,0.2625,425.0,0.86804
wang,0.2625,450.0,0.86718
wang,0.2625,475.0,0.86598
wang,0.2625,500.0,0.86427
wang,0.2625,525.0,0.86244
wang,0.2625,550.0,0.86061
wang,0.2625,575.0,0.85884
wang,0.2625,600.0,0.85716
wang,0.2750,150.0,0.50263
wang,0.2750,175.0,0.60326
wang,0.2750,200.0,0.67925
wang,0.2750,225.0,0.73588
wang,0.2750,250.0,0.77613
wang,0.2750,275.0,0.80398
wang,0.2750,300.0,0.82290
wang,0.2750,325.0,0.83492
wang,0.2750,350.0,0.84221
wang,0.2750,375.0,0.84620
wang,0.2750,400.0,0.84794
wang,0.2750,425.0,0.84819
wang,0.2750,450.0,0.84749
wang,0.2750,475.0,0.84644
wang,0.2750,500.0,0.84489
wang,0.2750,525.0,0.84321
wang,0.2750,550.0,0.84153
wang,0.2750,575.0,0.83991
wang,0.2750,600.0,0.83836
wang,0.2875,150.0,0.48910
wang,0.2875,175.0,0.58734
wang,0.2875,200.0,0.66312
wang,0.2875,225.0,0.71708
wang,0.2875,250.0,0.75658
wang,0.2875,275.0,0.78396
wang,0.2875,300.0,0.80263
wang,0.2875,325.0,0.81455
wang,0.2875,350.0,0.82184
wang,0.2875,375.0,0.82589
wang,0.2875,400.0,0.82773
wang,0.2875,425.0,0.82811
wang,0.2875,450.0,0.82756
wang,0.2875,475.0,0.82645
wang,0.2875,500.0,0.82524
wang,0.2875,525.0,0.82372
wang,0.2875,550.0,0.82217
wang,0.2875,575.0,0.82068
wang,0.2875,600.0,0.81926
wang,0.3000,150.0,0.47565
wang,0.3000,175.0,0.57150
wang,0.3000,200.0,0.64550
wang,0.3000,225.0,0.69830
wang,0.3000,250.0,0.73702
wang,0.3000,275.0,0.76393
wang,0.3000,300.0,0.78209
wang,0.3000,325.0,0.79411
wang,0.3000,350.0,0.80138
wang,0.3000,375.0,0.80548
wang,0.3000,400.0,0.80742
wang,0.3000,425.0,0.80791
wang,0.3000,450.0,0.80749
wang,0.3000,475.0,0.80652
wang,0.3000,500.0,0.80544
wang,0.3000,525.0,0.80404
wang,0.3000,550.0,0.80263
wang,0.3000,575.0,0.80126
wang,0.3000,600.0,0.79995
