cross_section,chi_model,Ti_core,B_T,P_net_erg_s,Pnet_over_Pbrems,Ptransport_over_Pfus
wang,bohm,200,5.0,-2.1549e+15,-16725.2421,39364.05
wang,bohm,233,5.0,-2.9331e+15,-20300.4858,40363.25
wang,bohm,267,5.0,-3.8309e+15,-23883.7031,42526.50
wang,bohm,300,5.0,-4.8485e+15,-27441.0195,45501.34
wang,bohm,333,5.0,-5.9858e+15,-30947.3943,49106.34
wang,bohm,367,5.0,-7.2428e+15,-34384.5516,53238.73
wang,bohm,400,5.0,-8.6195e+15,-37739.4573,57835.06
wang,bohm,433,5.0,-1.0116e+16,-41003.1648,62852.89
wang,bohm,467,5.0,-1.1732e+16,-44169.9232,68261.62
wang,bohm,500,5.0,-1.3468e+16,-47236.4798,74037.68
wang,bohm,533,5.0,-1.5324e+16,-50201.5294,80161.93
wang,bohm,567,5.0,-1.7299e+16,-53065.2767,86618.12
wang,bohm,600,5.0,-1.9394e+16,-55829.0887,93392.15
wang,bohm,200,6.4,-1.6932e+15,-13141.3849,30928.90
wang,bohm,233,6.4,-2.3046e+15,-15950.4882,31713.98
wang,bohm,267,6.4,-3.0100e+15,-18765.8606,33413.68
wang,bohm,300,6.4,-3.8095e+15,-21560.8861,35751.05
wang,bohm,333,6.4,-4.7031e+15,-24315.8890,38583.55
wang,bohm,367,6.4,-5.6908e+15,-27016.5093,41830.43
wang,bohm,400,6.4,-6.7725e+15,-29652.5052,45441.83
wang,bohm,433,6.4,-7.9483e+15,-32216.8468,49384.41
wang,bohm,467,6.4,-9.2181e+15,-34705.0153,53634.13
wang,bohm,500,6.4,-1.0582e+16,-37114.4546,58172.47
wang,bohm,533,6.4,-1.2040e+16,-39444.1389,62984.37
wang,bohm,567,6.4,-1.3592e+16,-41694.2290,68057.09
wang,bohm,600,6.4,-1.5238e+16,-43865.7987,73379.55
wang,bohm,200,7.7,-1.3944e+15,-10822.4185,25470.86
wang,bohm,233,7.7,-1.8979e+15,-13135.7839,26117.39
wang,bohm,267,7.7,-2.4789e+15,-15454.3155,27517.15
wang,bohm,300,7.7,-3.1373e+15,-17756.0939,29442.04
wang,bohm,333,7.7,-3.8732e+15,-20024.9150,31774.69
wang,bohm,367,7.7,-4.6865e+15,-22248.9525,34448.59
wang,bohm,400,7.7,-5.5774e+15,-24419.7715,37422.69
wang,bohm,433,7.7,-6.5456e+15,-26531.5822,40669.52
wang,bohm,467,7.7,-7.5914e+15,-28580.6631,44169.28
wang,bohm,500,7.7,-8.7146e+15,-30564.9088,47906.74
wang,bohm,533,7.7,-9.9153e+15,-32483.4745,51869.48
wang,bohm,567,7.7,-1.1193e+16,-34336.4922,56047.02
wang,bohm,600,7.7,-1.2549e+16,-36124.8464,60430.22
wang,bohm,200,9.1,-1.1852e+15,-9199.1420,21650.23
wang,bohm,233,9.1,-1.6132e+15,-11165.4909,22199.78
wang,bohm,267,9.1,-2.1070e+15,-13136.2340,23389.57
wang,bohm,300,9.1,-2.6667e+15,-15092.7393,25025.73
wang,bohm,333,9.1,-3.2922e+15,-17021.2333,27008.49
wang,bohm,367,9.1,-3.9836e+15,-18911.6627,29281.30
wang,bohm,400,9.1,-4.7408e+15,-20756.8579,31809.28
wang,bohm,433,9.1,-5.5638e+15,-22551.8971,34569.09
wang,bohm,467,9.1,-6.4527e+15,-24293.6166,37543.89
wang,bohm,500,9.1,-7.4074e+15,-25980.2268,40720.73
wang,bohm,533,9.1,-8.4280e+15,-27611.0094,44089.06
wang,bohm,567,9.1,-9.5144e+15,-29186.0765,47639.96
wang,bohm,600,9.1,-1.0667e+16,-30706.1798,51365.68
wang,bohm,200,10.5,-1.0307e+15,-7999.3289,18826.28
wang,bohm,233,10.5,-1.4028e+15,-9709.1873,19304.16
wang,bohm,267,10.5,-1.8322e+15,-11422.8693,20338.76
wang,bohm,300,10.5,-2.3189e+15,-13124.1729,21761.51
wang,bohm,333,10.5,-2.8628e+15,-14801.1206,23485.64
wang,bohm,367,10.5,-3.4640e+15,-16444.9703,25462.00
wang,bohm,400,10.5,-4.1224e+15,-18049.4870,27660.25
wang,bohm,433,10.5,-4.8381e+15,-19610.3906,30060.08
wang,bohm,467,10.5,-5.6110e+15,-21124.9300,32646.86
wang,bohm,500,10.5,-6.4412e+15,-22591.5488,35409.33
wang,bohm,533,10.5,-7.3287e+15,-24009.6221,38338.31
wang,bohm,567,10.5,-8.2734e+15,-25379.2475,41426.06
wang,bohm,600,10.5,-9.2754e+15,-26701.0783,44665.81
wang,bohm,200,11.8,-9.1174e+14,-7076.3958,16654.02
wang,bohm,233,11.8,-1.2410e+15,-8588.9538,17076.76
wang,bohm,267,11.8,-1.6208e+15,-10104.8965,17991.98
wang,bohm,300,11.8,-2.0513e+15,-11609.8911,19250.56
wang,bohm,333,11.8,-2.5325e+15,-13093.3417,20775.76
wang,bohm,367,11.8,-3.0643e+15,-14547.5146,22524.08
wang,bohm,400,11.8,-3.6468e+15,-15966.8939,24468.68
wang,bohm,433,11.8,-4.2799e+15,-17347.6933,26591.61
wang,bohm,467,11.8,-4.9636e+15,-18687.4788,28879.91
wang,bohm,500,11.8,-5.6980e+15,-19984.8734,31323.64
wang,bohm,533,11.8,-6.4831e+15,-21239.3242,33914.66
wang,bohm,567,11.8,-7.3188e+15,-22450.9175,36646.13
wang,bohm,600,11.8,-8.2052e+15,-23620.2311,39512.06
wang,bohm,200,13.2,-8.1743e+14,-6344.4143,14931.19
wang,bohm,233,13.2,-1.1126e+15,-7700.4928,15310.20
wang,bohm,267,13.2,-1.4532e+15,-9059.6077,16130.74
wang,bohm,300,13.2,-1.8391e+15,-10408.9089,17259.13
wang,bohm,333,13.2,-2.2705e+15,-11738.8963,18626.54
wang,bohm,367,13.2,-2.7473e+15,-13042.6359,20194.00
wang,bohm,400,13.2,-3.2695e+15,-14315.1822,21937.44
wang,bohm,433,13.2,-3.8371e+15,-15553.1403,23840.75
wang,bohm,467,13.2,-4.4502e+15,-16754.3278,25892.34
wang,bohm,500,13.2,-5.1086e+15,-17917.5101,28083.26
wang,bohm,533,13.2,-5.8124e+15,-19042.1914,30406.25
wang,bohm,567,13.2,-6.5617e+15,-20128.4488,32855.15
wang,bohm,600,13.2,-7.3564e+15,-21176.8005,35424.61
wang,bohm,200,14.5,-7.4081e+14,-5749.6794,13531.39
wang,bohm,233,14.5,-1.0083e+15,-6978.6182,13874.87
wang,bohm,267,14.5,-1.3169e+15,-8210.3106,14618.48
wang,bohm,300,14.5,-1.6667e+15,-9433.1109,15641.08
wang,bohm,333,14.5,-2.0577e+15,-10638.4095,16880.30
wang,bohm,367,14.5,-2.4898e+15,-11819.9220,18300.81
wang,bohm,400,14.5,-2.9630e+15,-12973.1665,19880.80
wang,bohm,433,14.5,-3.4774e+15,-14095.0660,21605.68
wang,bohm,467,14.5,-4.0330e+15,-15183.6427,23464.93
wang,bohm,500,14.5,-4.6297e+15,-16237.7775,25450.45
wang,bohm,533,14.5,-5.2675e+15,-17257.0210,27555.66
wang,bohm,567,14.5,-5.9466e+15,-18241.4431,29774.98
wang,bohm,600,14.5,-6.6667e+15,-19191.5132,32103.55
wang,bohm,200,15.9,-6.7731e+14,-5256.8990,12371.56
wang,bohm,233,15.9,-9.2187e+14,-6380.4935,12685.59
wang,bohm,267,15.9,-1.2041e+15,-7506.6073,13365.47
wang,bohm,300,15.9,-1.5239e+15,-8624.5926,14300.42
wang,bohm,333,15.9,-1.8813e+15,-9726.5775,15433.42
wang,bohm,367,15.9,-2.2764e+15,-10806.8162,16732.17
wang,bohm,400,15.9,-2.7090e+15,-11861.2106,18176.73
wang,bohm,433,15.9,-3.1794e+15,-12886.9473,19753.77
wang,bohm,467,15.9,-3.6873e+15,-13882.2179,21453.65
wang,bohm,500,15.9,-4.2329e+15,-14845.9990,23268.99
wang,bohm,533,15.9,-4.8160e+15,-15777.8798,25193.75
wang,bohm,567,15.9,-5.4369e+15,-16677.9240,27222.84
wang,bohm,600,15.9,-6.0953e+15,-17546.5608,29351.82
wang,bohm,200,17.3,-6.2385e+14,-4841.9261,11394.86
wang,bohm,233,17.3,-8.4910e+14,-5876.8096,11684.10
wang,bohm,267,17.3,-1.1090e+15,-6914.0150,12310.30
wang,bohm,300,17.3,-1.4036e+15,-7943.7350,13171.44
wang,bohm,333,17.3,-1.7328e+15,-8958.7190,14214.99
wang,bohm,367,17.3,-2.0966e+15,-9953.6745,15411.21
wang,bohm,400,17.3,-2.4952e+15,-10924.8266,16741.73
wang,bohm,433,17.3,-2.9284e+15,-11869.5842,18194.26
wang,bohm,467,17.3,-3.3962e+15,-12786.2812,19759.94
wang,bohm,500,17.3,-3.8987e+15,-13673.9751,21431.96
wang,bohm,533,17.3,-4.4358e+15,-14532.2872,23204.77
wang,bohm,567,17.3,-5.0076e+15,-15361.2764,25073.67
wang,bohm,600,17.3,-5.6141e+15,-16161.3378,27034.57
wang,bohm,200,18.6,-5.7821e+14,-4487.6809,10561.09
wang,bohm,233,18.6,-7.8697e+14,-5446.8355,10829.16
wang,bohm,267,18.6,-1.0279e+15,-6408.1435,11409.55
wang,bohm,300,18.6,-1.3009e+15,-7362.5152,12207.68
wang,bohm,333,18.6,-1.6060e+15,-8303.2300,13174.87
wang,bohm,367,18.6,-1.9432e+15,-9225.3827,14283.56
wang,bohm,400,18.6,-2.3126e+15,-10125.4745,15516.72
wang,bohm,433,18.6,-2.7141e+15,-11001.1035,16862.97
wang,bohm,467,18.6,-3.1477e+15,-11850.7254,18314.09
wang,bohm,500,18.6,-3.6134e+15,-12673.4668,19863.77
wang,bohm,533,18.6,-4.1113e+15,-13468.9765,21506.86
wang,bohm,567,18.6,-4.6412e+15,-14237.3089,23239.01
wang,bohm,600,18.6,-5.2033e+15,-14978.8303,25056.43
wang,bohm,200,20.0,-5.3879e+14,-4181.7419,9841.01
wang,bohm,233,20.0,-7.3332e+14,-5075.4942,10090.81
wang,bohm,267,20.0,-9.5778e+14,-5971.2546,10631.62
wang,bohm,300,20.0,-1.2122e+15,-6860.5526,11375.33
wang,bohm,333,20.0,-1.4965e+15,-7737.1259,12276.59
wang,bohm,367,20.0,-1.8108e+15,-8596.4035,13309.68
wang,bohm,400,20.0,-2.1549e+15,-9435.1249,14458.77
wang,bohm,433,20.0,-2.5290e+15,-10251.0519,15713.22
wang,bohm,467,20.0,-2.9331e+15,-11042.7455,17065.40
wang,bohm,500,20.0,-3.3671e+15,-11809.3915,18509.42
wang,bohm,533,20.0,-3.8310e+15,-12550.6627,20040.48
wang,bohm,567,20.0,-4.3248e+15,-13266.6097,21654.53
wang,bohm,600,20.0,-4.8486e+15,-13957.5738,23348.04
wang,gyro,200,5.0,-1.8711e+13,-145.2239,340.45
wang,gyro,233,5.0,-2.7471e+13,-190.1356,377.07
wang,gyro,267,5.0,-3.8328e+13,-238.9560,424.70
wang,gyro,300,5.0,-5.1428e+13,-291.0647,481.98
wang,gyro,333,5.0,-6.6906e+13,-345.9116,548.30
wang,gyro,367,5.0,-8.4891e+13,-403.0127,623.46
wang,gyro,400,5.0,-1.0551e+14,-461.9455,707.40
wang,gyro,433,5.0,-1.2887e+14,-522.3435,800.16
wang,gyro,467,5.0,-1.5509e+14,-583.8906,901.83
wang,gyro,500,5.0,-1.8428e+14,-646.3159,1012.47
wang,gyro,533,5.0,-2.1653e+14,-709.3887,1132.17
wang,gyro,567,5.0,-2.5196e+14,-772.9139,1261.00
wang,gyro,600,5.0,-2.9066e+14,-836.7278,1399.03
wang,gyro,200,6.4,-1.1580e+13,-89.8736,210.18
wang,gyro,233,6.4,-1.6987e+13,-117.5698,232.78
wang,gyro,267,6.4,-2.3689e+13,-147.6865,262.19
wang,gyro,300,6.4,-3.1776e+13,-179.8398,297.55
wang,gyro,333,6.4,-4.1331e+13,-213.6890,338.49
wang,gyro,367,6.4,-5.2436e+13,-248.9342,384.89
wang,gyro,400,6.4,-6.5164e+13,-285.3136,436.71
wang,gyro,433,6.4,-7.9589e+13,-322.6002,493.98
wang,gyro,467,6.4,-9.5779e+13,-360.5981,556.74
wang,gyro,500,6.4,-1.1380e+14,-399.1397,625.04
wang,gyro,533,6.4,-1.3372e+14,-438.0820,698.94
wang,gyro,567,6.4,-1.5560e+14,-477.3043,778.47
wang,gyro,600,6.4,-1.7949e+14,-516.7052,863.69
wang,gyro,200,7.7,-7.8771e+12,-61.1374,142.54
wang,gyro,233,7.7,-1.1544e+13,-79.8959,157.87
wang,gyro,267,7.7,-1.6088e+13,-100.3022,177.82
wang,gyro,300,7.7,-2.1573e+13,-122.0952,201.80
wang,gyro,333,7.7,-2.8054e+13,-145.0430,229.57
wang,gyro,367,7.7,-3.5586e+13,-168.9413,261.03
wang,gyro,400,7.7,-4.4220e+13,-193.6117,296.18
wang,gyro,433,7.7,-5.4005e+13,-218.8995,335.02
wang,gyro,467,7.7,-6.4988e+13,-244.6715,377.58
wang,gyro,500,7.7,-7.7214e+13,-270.8133,423.90
wang,gyro,533,7.7,-9.0726e+13,-297.2278,474.02
wang,gyro,567,7.7,-1.0557e+14,-323.8328,527.96
wang,gyro,600,7.7,-1.2178e+14,-350.5593,585.75
wang,gyro,200,9.1,-5.7118e+12,-44.3314,102.99
wang,gyro,233,9.1,-8.3602e+12,-57.8627,114.06
wang,gyro,267,9.1,-1.1643e+13,-72.5900,128.47
wang,gyro,300,9.1,-1.5606e+13,-88.3239,145.80
wang,gyro,333,9.1,-2.0289e+13,-104.8962,165.86
wang,gyro,367,9.1,-2.5732e+13,-122.1584,188.60
wang,gyro,400,9.1,-3.1971e+13,-139.9809,213.99
wang,gyro,433,9.1,-3.9042e+13,-158.2514,242.05
wang,gyro,467,9.1,-4.6980e+13,-176.8731,272.80
wang,gyro,500,9.1,-5.5815e+13,-195.7631,306.27
wang,gyro,533,9.1,-6.5581e+13,-214.8508,342.48
wang,gyro,567,9.1,-7.6307e+13,-234.0767,381.45
wang,gyro,600,9.1,-8.8023e+13,-253.3907,423.21
wang,gyro,200,10.5,-4.3370e+12,-33.6611,77.87
wang,gyro,233,10.5,-6.3390e+12,-43.8737,86.25
wang,gyro,267,10.5,-8.8212e+12,-54.9953,97.14
wang,gyro,300,10.5,-1.1817e+13,-66.8824,110.24
wang,gyro,333,10.5,-1.5359e+13,-79.4068,125.41
wang,gyro,367,10.5,-1.9475e+13,-92.4556,142.61
wang,gyro,400,10.5,-2.4194e+13,-105.9304,161.81
wang,gyro,433,10.5,-2.9543e+13,-119.7456,183.02
wang,gyro,467,10.5,-3.5546e+13,-133.8275,206.28
wang,gyro,500,10.5,-4.2230e+13,-148.1133,231.58
wang,gyro,533,10.5,-4.9617e+13,-162.5492,258.96
wang,gyro,567,10.5,-5.7730e+13,-177.0900,288.43
wang,gyro,600,10.5,-6.6592e+13,-191.6978,320.01
wang,gyro,200,11.8,-3.4100e+12,-26.4664,60.94
wang,gyro,233,11.8,-4.9762e+12,-34.4412,67.49
wang,gyro,267,11.8,-6.9183e+12,-43.1316,76.02
wang,gyro,300,11.8,-9.2628e+12,-52.4247,86.27
wang,gyro,333,11.8,-1.2034e+13,-62.2197,98.14
wang,gyro,367,11.8,-1.5256e+13,-72.4277,111.59
wang,gyro,400,11.8,-1.8950e+13,-82.9708,126.62
wang,gyro,433,11.8,-2.3137e+13,-93.7818,143.22
wang,gyro,467,11.8,-2.7837e+13,-104.8027,161.42
wang,gyro,500,11.8,-3.3069e+13,-115.9839,181.23
wang,gyro,533,11.8,-3.8852e+13,-127.2832,202.65
wang,gyro,567,11.8,-4.5204e+13,-138.6651,225.71
wang,gyro,600,11.8,-5.2141e+13,-150.0995,250.42
wang,gyro,200,13.2,-2.7555e+12,-21.3867,48.98
wang,gyro,233,13.2,-4.0140e+12,-27.7816,54.25
wang,gyro,267,13.2,-5.5747e+12,-34.7554,61.10
wang,gyro,300,13.2,-7.4593e+12,-42.2171,69.35
wang,gyro,333,13.2,-9.6874e+12,-50.0851,78.89
wang,gyro,367,13.2,-1.2278e+13,-58.2872,89.70
wang,gyro,400,13.2,-1.5248e+13,-66.7605,101.78
wang,gyro,433,13.2,-1.8614e+13,-75.4505,115.12
wang,gyro,467,13.2,-2.2394e+13,-84.3102,129.75
wang,gyro,500,13.2,-2.6601e+13,-93.2995,145.67
wang,gyro,533,13.2,-3.1252e+13,-102.3842,162.89
wang,gyro,567,13.2,-3.6360e+13,-111.5357,181.43
wang,gyro,600,13.2,-4.1939e+13,-120.7297,201.29
wang,gyro,200,14.5,-2.2763e+12,-17.6674,40.23
wang,gyro,233,14.5,-3.3095e+12,-22.9055,44.56
wang,gyro,267,14.5,-4.5910e+12,-28.6226,50.18
wang,gyro,300,14.5,-6.1387e+12,-34.7434,56.95
wang,gyro,333,14.5,-7.9689e+12,-41.2004,64.79
wang,gyro,367,14.5,-1.0097e+13,-47.9339,73.67
wang,gyro,400,14.5,-1.2537e+13,-54.8918,83.59
wang,gyro,433,14.5,-1.5303e+13,-62.0288,94.55
wang,gyro,467,14.5,-1.8409e+13,-69.3061,106.56
wang,gyro,500,14.5,-2.1866e+13,-76.6905,119.64
wang,gyro,533,14.5,-2.5687e+13,-84.1538,133.78
wang,gyro,567,14.5,-2.9884e+13,-91.6722,149.00
wang,gyro,600,14.5,-3.4469e+13,-99.2258,165.32
wang,gyro,200,15.9,-1.9150e+12,-14.8629,33.63
wang,gyro,233,15.9,-2.7782e+12,-19.2287,37.24
wang,gyro,267,15.9,-3.8493e+12,-23.9981,41.95
wang,gyro,300,15.9,-5.1430e+12,-29.1078,47.61
wang,gyro,333,15.9,-6.6731e+12,-34.5009,54.16
wang,gyro,367,15.9,-8.4524e+12,-40.1270,61.58
wang,gyro,400,15.9,-1.0493e+13,-45.9421,69.87
wang,gyro,433,15.9,-1.2806e+13,-51.9080,79.04
wang,gyro,467,15.9,-1.5403e+13,-57.9922,89.08
wang,gyro,500,15.9,-1.8295e+13,-64.1664,100.01
wang,gyro,533,15.9,-2.1491e+13,-70.4071,111.83
wang,gyro,567,15.9,-2.5002e+13,-76.6941,124.56
wang,gyro,600,15.9,-2.8836e+13,-83.0107,138.19
wang,gyro,200,17.3,-1.6358e+12,-12.6960,28.53
wang,gyro,233,17.3,-2.3678e+12,-16.3878,31.60
wang,gyro,267,17.3,-3.2761e+12,-20.4250,35.59
wang,gyro,300,17.3,-4.3736e+12,-24.7534,40.39
wang,gyro,333,17.3,-5.6719e+12,-29.3245,45.94
wang,gyro,367,17.3,-7.1818e+12,-34.0949,52.24
wang,gyro,400,17.3,-8.9136e+12,-39.0271,59.28
wang,gyro,433,17.3,-1.0877e+13,-44.0883,67.05
wang,gyro,467,17.3,-1.3082e+13,-49.2505,75.57
wang,gyro,500,17.3,-1.5536e+13,-54.4897,84.84
wang,gyro,533,17.3,-1.8249e+13,-59.7857,94.87
wang,gyro,567,17.3,-2.1229e+13,-65.1212,105.67
wang,gyro,600,17.3,-2.4484e+13,-70.4821,117.23
wang,gyro,200,18.6,-1.4156e+12,-10.9871,24.51
wang,gyro,233,18.6,-2.0441e+12,-14.1474,27.14
wang,gyro,267,18.6,-2.8242e+12,-17.6071,30.57
wang,gyro,300,18.6,-3.7669e+12,-21.3195,34.69
wang,gyro,333,18.6,-4.8823e+12,-25.2422,39.47
wang,gyro,367,18.6,-6.1798e+12,-29.3379,44.88
wang,gyro,400,18.6,-7.6681e+12,-33.5737,50.92
wang,gyro,433,18.6,-9.3556e+12,-37.9214,57.60
wang,gyro,467,18.6,-1.1250e+13,-42.3565,64.91
wang,gyro,500,18.6,-1.3360e+13,-46.8584,72.88
wang,gyro,533,18.6,-1.5692e+13,-51.4093,81.49
wang,gyro,567,18.6,-1.8254e+13,-55.9946,90.77
wang,gyro,600,18.6,-2.1052e+13,-60.6017,100.70
wang,gyro,200,20.0,-1.2389e+12,-9.6157,21.28
wang,gyro,233,20.0,-1.7843e+12,-12.3495,23.57
wang,gyro,267,20.0,-2.4614e+12,-15.3457,26.54
wang,gyro,300,20.0,-3.2800e+12,-18.5637,30.12
wang,gyro,333,20.0,-4.2486e+12,-21.9662,34.27
wang,gyro,367,20.0,-5.3756e+12,-25.5203,38.97
wang,gyro,400,20.0,-6.6685e+12,-29.1973,44.21
wang,gyro,433,20.0,-8.1347e+12,-32.9724,50.01
wang,gyro,467,20.0,-9.7809e+12,-36.8240,56.36
wang,gyro,500,20.0,-1.1614e+13,-40.7341,63.28
wang,gyro,533,20.0,-1.3640e+13,-44.6872,70.76
wang,gyro,567,20.0,-1.5866e+13,-48.6703,78.81
wang,gyro,600,20.0,-1.8297e+13,-52.6726,87.44
TB,bohm,200,5.0,-2.1549e+15,-16725.1747,33975.20
TB,bohm,233,5.0,-2.9331e+15,-20300.4004,34507.88
TB,bohm,267,5.0,-3.8309e+15,-23883.6032,36105.49
TB,bohm,300,5.0,-4.8485e+15,-27440.9086,38433.62
TB,bohm,333,5.0,-5.9858e+15,-30947.2756,41322.53
TB,bohm,367,5.0,-7.2428e+15,-34384.4278,44678.02
TB,bohm,400,5.0,-8.6195e+15,-37739.3308,48443.77
TB,bohm,433,5.0,-1.0116e+16,-41003.0374,52583.94
TB,bohm,467,5.0,-1.1732e+16,-44169.7963,57074.34
TB,bohm,500,5.0,-1.3468e+16,-47236.3547,61897.88
TB,bohm,533,5.0,-1.5323e+16,-50201.4068,67041.88
TB,bohm,567,5.0,-1.7299e+16,-53065.1574,72496.67
TB,bohm,600,5.0,-1.9394e+16,-55828.9730,78254.64
TB,bohm,200,6.4,-1.6932e+15,-13141.3175,26694.80
TB,bohm,233,6.4,-2.3046e+15,-15950.4029,27113.33
TB,bohm,267,6.4,-3.0100e+15,-18765.7607,28368.60
TB,bohm,300,6.4,-3.8095e+15,-21560.7752,30197.84
TB,bohm,333,6.4,-4.7031e+15,-24315.7703,32467.70
TB,bohm,367,6.4,-5.6907e+15,-27016.3855,35104.16
TB,bohm,400,6.4,-6.7725e+15,-29652.3787,38062.96
TB,bohm,433,6.4,-7.9482e+15,-32216.7194,41315.95
TB,bohm,467,6.4,-9.2181e+15,-34704.8884,44844.13
TB,bohm,500,6.4,-1.0582e+16,-37114.3294,48634.05
TB,bohm,533,6.4,-1.2040e+16,-39444.0163,52675.76
TB,bohm,567,6.4,-1.3592e+16,-41694.1097,56961.67
TB,bohm,600,6.4,-1.5238e+16,-43865.6831,61485.79
TB,bohm,200,7.7,-1.3944e+15,-10822.3511,21983.95
TB,bohm,233,7.7,-1.8979e+15,-13135.6985,22328.63
TB,bohm,267,7.7,-2.4788e+15,-15454.2156,23362.38
TB,bohm,300,7.7,-3.1373e+15,-17755.9830,24868.81
TB,bohm,333,7.7,-3.8732e+15,-20024.7963,26738.11
TB,bohm,367,7.7,-4.6865e+15,-22248.8287,28909.31
TB,bohm,400,7.7,-5.5773e+15,-24419.6450,31345.97
TB,bohm,433,7.7,-6.5456e+15,-26531.4548,34024.90
TB,bohm,467,7.7,-7.5913e+15,-28580.5362,36930.46
TB,bohm,500,7.7,-8.7146e+15,-30564.7837,40051.57
TB,bohm,533,7.7,-9.9152e+15,-32483.3519,43380.04
TB,bohm,567,7.7,-1.1193e+16,-34336.3729,46909.61
TB,bohm,600,7.7,-1.2549e+16,-36124.7308,50635.36
TB,bohm,200,9.1,-1.1852e+15,-9199.0746,18686.36
TB,bohm,233,9.1,-1.6132e+15,-11165.4055,18979.33
TB,bohm,267,9.1,-2.1070e+15,-13136.1341,19858.02
TB,bohm,300,9.1,-2.6667e+15,-15092.6284,21138.49
TB,bohm,333,9.1,-3.2922e+15,-17021.1146,22727.39
TB,bohm,367,9.1,-3.9835e+15,-18911.5390,24572.91
TB,bohm,400,9.1,-4.7407e+15,-20756.7314,26644.07
TB,bohm,433,9.1,-5.5638e+15,-22551.7697,28921.17
TB,bohm,467,9.1,-6.4527e+15,-24293.4897,31390.89
TB,bohm,500,9.1,-7.4074e+15,-25980.1017,34043.83
TB,bohm,533,9.1,-8.4280e+15,-27610.8868,36873.03
TB,bohm,567,9.1,-9.5144e+15,-29185.9572,39873.17
TB,bohm,600,9.1,-1.0667e+16,-30706.0641,43040.05
TB,bohm,200,10.5,-1.0306e+15,-7999.2615,16249.01
TB,bohm,233,10.5,-1.4028e+15,-9709.1020,16503.77
TB,bohm,267,10.5,-1.8322e+15,-11422.7694,17267.84
TB,bohm,300,10.5,-2.3189e+15,-13124.0620,18381.30
TB,bohm,333,10.5,-2.8628e+15,-14801.0019,19762.95
TB,bohm,367,10.5,-3.4640e+15,-16444.8466,21367.75
TB,bohm,400,10.5,-4.1224e+15,-18049.3605,23168.76
TB,bohm,433,10.5,-4.8381e+15,-19610.2632,25148.84
TB,bohm,467,10.5,-5.6110e+15,-21124.8032,27296.42
TB,bohm,500,10.5,-6.4412e+15,-22591.4237,29603.33
TB,bohm,533,10.5,-7.3287e+15,-24009.4995,32063.51
TB,bohm,567,10.5,-8.2734e+15,-25379.1282,34672.32
TB,bohm,600,10.5,-9.2753e+15,-26700.9627,37426.13
TB,bohm,200,11.8,-9.1174e+14,-7076.3284,14374.12
TB,bohm,233,11.8,-1.2409e+15,-8588.8685,14599.49
TB,bohm,267,11.8,-1.6208e+15,-10104.7966,15275.40
TB,bohm,300,11.8,-2.0513e+15,-11609.7802,16260.38
TB,bohm,333,11.8,-2.5325e+15,-13093.2230,17482.61
TB,bohm,367,11.8,-3.0643e+15,-14547.3909,18902.24
TB,bohm,400,11.8,-3.6467e+15,-15966.7674,20495.44
TB,bohm,433,11.8,-4.2798e+15,-17347.5659,22247.05
TB,bohm,467,11.8,-4.9636e+15,-18687.3520,24146.84
TB,bohm,500,11.8,-5.6980e+15,-19984.7483,26187.56
TB,bohm,533,11.8,-6.4831e+15,-21239.2017,28363.87
TB,bohm,567,11.8,-7.3188e+15,-22450.7981,30671.67
TB,bohm,600,11.8,-8.2051e+15,-23620.1155,33107.73
TB,bohm,200,13.2,-8.1742e+14,-6344.3469,12887.14
TB,bohm,233,13.2,-1.1126e+15,-7700.4074,13089.20
TB,bohm,267,13.2,-1.4531e+15,-9059.5079,13695.19
TB,bohm,300,13.2,-1.8391e+15,-10408.7980,14578.27
TB,bohm,333,13.2,-2.2705e+15,-11738.7776,15674.06
TB,bohm,367,13.2,-2.7473e+15,-13042.5122,16946.83
TB,bohm,400,13.2,-3.2695e+15,-14315.0557,18375.22
TB,bohm,433,13.2,-3.8371e+15,-15553.0129,19945.63
TB,bohm,467,13.2,-4.4501e+15,-16754.2010,21648.89
TB,bohm,500,13.2,-5.1086e+15,-17917.3850,23478.50
TB,bohm,533,13.2,-5.8124e+15,-19042.0689,25429.68
TB,bohm,567,13.2,-6.5617e+15,-20128.3295,27498.74
TB,bohm,600,13.2,-7.3563e+15,-21176.6849,29682.80
TB,bohm,200,14.5,-7.4080e+14,-5749.6120,11678.97
TB,bohm,233,14.5,-1.0083e+15,-6978.5328,11862.08
TB,bohm,267,14.5,-1.3169e+15,-8210.2107,12411.26
TB,bohm,300,14.5,-1.6667e+15,-9433.0000,13211.56
TB,bohm,333,14.5,-2.0576e+15,-10638.2908,14204.62
TB,bohm,367,14.5,-2.4897e+15,-11819.7983,15358.07
TB,bohm,400,14.5,-2.9630e+15,-12973.0400,16652.55
TB,bohm,433,14.5,-3.4774e+15,-14094.9386,18075.73
TB,bohm,467,14.5,-4.0329e+15,-15183.5159,19619.31
TB,bohm,500,14.5,-4.6296e+15,-16237.6524,21277.40
TB,bohm,533,14.5,-5.2675e+15,-17256.8984,23045.65
TB,bohm,567,14.5,-5.9465e+15,-18241.3237,24920.73
TB,bohm,600,14.5,-6.6667e+15,-19191.3975,26900.03
TB,bohm,200,15.9,-6.7731e+14,-5256.8317,10677.92
TB,bohm,233,15.9,-9.2186e+14,-6380.4082,10845.33
TB,bohm,267,15.9,-1.2040e+15,-7506.5074,11347.44
TB,bohm,300,15.9,-1.5238e+15,-8624.4817,12079.14
TB,bohm,333,15.9,-1.8813e+15,-9726.4588,12987.08
TB,bohm,367,15.9,-2.2763e+15,-10806.6925,14041.66
TB,bohm,400,15.9,-2.7090e+15,-11861.0841,15225.19
TB,bohm,433,15.9,-3.1793e+15,-12886.8199,16526.38
TB,bohm,467,15.9,-3.6873e+15,-13882.0910,17937.65
TB,bohm,500,15.9,-4.2328e+15,-14845.8739,19453.62
TB,bohm,533,15.9,-4.8160e+15,-15777.7573,21070.31
TB,bohm,567,15.9,-5.4368e+15,-16677.8047,22784.67
TB,bohm,600,15.9,-6.0953e+15,-17546.4452,24594.32
TB,bohm,200,17.3,-6.2384e+14,-4841.8587,9834.93
TB,bohm,233,17.3,-8.4909e+14,-5876.7242,9989.12
TB,bohm,267,17.3,-1.1090e+15,-6913.9151,10451.59
TB,bohm,300,17.3,-1.4035e+15,-7943.6241,11125.52
TB,bohm,333,17.3,-1.7328e+15,-8958.6003,11961.79
TB,bohm,367,17.3,-2.0966e+15,-9953.5507,12933.11
TB,bohm,400,17.3,-2.4951e+15,-10924.7001,14023.20
TB,bohm,433,17.3,-2.9283e+15,-11869.4568,15221.67
TB,bohm,467,17.3,-3.3962e+15,-12786.1543,16521.52
TB,bohm,500,17.3,-3.8987e+15,-13673.8499,17917.81
TB,bohm,533,17.3,-4.4358e+15,-14532.1647,19406.86
TB,bohm,567,17.3,-5.0076e+15,-15361.1571,20985.88
TB,bohm,600,17.3,-5.6141e+15,-16161.2221,22652.66
TB,bohm,200,18.6,-5.7820e+14,-4487.6135,9115.30
TB,bohm,233,18.6,-7.8696e+14,-5446.7502,9258.21
TB,bohm,267,18.6,-1.0278e+15,-6408.0437,9686.84
TB,bohm,300,18.6,-1.3008e+15,-7362.4043,10311.46
TB,bohm,333,18.6,-1.6060e+15,-8303.1113,11086.53
TB,bohm,367,18.6,-1.9432e+15,-9225.2590,11986.79
TB,bohm,400,18.6,-2.3126e+15,-10125.3480,12997.11
TB,bohm,433,18.6,-2.7141e+15,-11000.9761,14107.89
TB,bohm,467,18.6,-3.1477e+15,-11850.5986,15312.63
TB,bohm,500,18.6,-3.6134e+15,-12673.3417,16606.75
TB,bohm,533,18.6,-4.1112e+15,-13468.8539,17986.85
TB,bohm,567,18.6,-4.6412e+15,-14237.1896,19450.33
TB,bohm,600,18.6,-5.2033e+15,-14978.7147,20995.15
TB,bohm,200,20.0,-5.3878e+14,-4181.6745,8493.80
TB,bohm,233,20.0,-7.3331e+14,-5075.4089,8626.97
TB,bohm,267,20.0,-9.5777e+14,-5971.1547,9026.37
TB,bohm,300,20.0,-1.2122e+15,-6860.4417,9608.41
TB,bohm,333,20.0,-1.4965e+15,-7737.0072,10330.63
TB,bohm,367,20.0,-1.8107e+15,-8596.2798,11169.50
TB,bohm,400,20.0,-2.1549e+15,-9434.9984,12110.94
TB,bohm,433,20.0,-2.5290e+15,-10250.9245,13145.98
TB,bohm,467,20.0,-2.9331e+15,-11042.6187,14268.59
TB,bohm,500,20.0,-3.3670e+15,-11809.2663,15474.47
TB,bohm,533,20.0,-3.8309e+15,-12550.5401,16760.47
TB,bohm,567,20.0,-4.3248e+15,-13266.4904,18124.17
TB,bohm,600,20.0,-4.8485e+15,-13957.4582,19563.66
TB,gyro,200,5.0,-1.8702e+13,-145.1565,293.85
TB,gyro,233,5.0,-2.7459e+13,-190.0502,322.37
TB,gyro,267,5.0,-3.8312e+13,-238.8561,360.58
TB,gyro,300,5.0,-5.1408e+13,-290.9538,407.11
TB,gyro,333,5.0,-6.6883e+13,-345.7929,461.39
TB,gyro,367,5.0,-8.4865e+13,-402.8890,523.21
TB,gyro,400,5.0,-1.0548e+14,-461.8190,592.53
TB,gyro,433,5.0,-1.2884e+14,-522.2161,669.43
TB,gyro,467,5.0,-1.5505e+14,-583.7638,754.03
TB,gyro,500,5.0,-1.8424e+14,-646.1908,846.45
TB,gyro,533,5.0,-2.1650e+14,-709.2662,946.86
TB,gyro,567,5.0,-2.5192e+14,-772.7946,1055.42
TB,gyro,600,5.0,-2.9062e+14,-836.6121,1172.27
TB,gyro,200,6.4,-1.1571e+13,-89.8062,181.40
TB,gyro,233,6.4,-1.6974e+13,-117.4845,199.01
TB,gyro,267,6.4,-2.3673e+13,-147.5866,222.60
TB,gyro,300,6.4,-3.1756e+13,-179.7289,251.33
TB,gyro,333,6.4,-4.1308e+13,-213.5703,284.84
TB,gyro,367,6.4,-5.2410e+13,-248.8104,323.00
TB,gyro,400,6.4,-6.5135e+13,-285.1871,365.80
TB,gyro,433,6.4,-7.9558e+13,-322.4728,413.27
TB,gyro,467,6.4,-9.5746e+13,-360.4713,465.50
TB,gyro,500,6.4,-1.1377e+14,-399.0145,522.56
TB,gyro,533,6.4,-1.3368e+14,-437.9594,584.54
TB,gyro,567,6.4,-1.5556e+14,-477.1850,651.56
TB,gyro,600,6.4,-1.7945e+14,-516.5896,723.70
TB,gyro,200,7.7,-7.8684e+12,-61.0700,123.03
TB,gyro,233,7.7,-1.1531e+13,-79.8105,134.97
TB,gyro,267,7.7,-1.6072e+13,-100.2023,150.97
TB,gyro,300,7.7,-2.1553e+13,-121.9843,170.45
TB,gyro,333,7.7,-2.8031e+13,-144.9243,193.18
TB,gyro,367,7.7,-3.5560e+13,-168.8175,219.06
TB,gyro,400,7.7,-4.4191e+13,-193.4852,248.08
TB,gyro,433,7.7,-5.3974e+13,-218.7721,280.28
TB,gyro,467,7.7,-6.4954e+13,-244.5446,315.70
TB,gyro,500,7.7,-7.7178e+13,-270.6882,354.40
TB,gyro,533,7.7,-9.0688e+13,-297.1052,396.44
TB,gyro,567,7.7,-1.0553e+14,-323.7134,441.89
TB,gyro,600,7.7,-1.2174e+14,-350.4436,490.81
TB,gyro,200,9.1,-5.7031e+12,-44.2640,88.89
TB,gyro,233,9.1,-8.3478e+12,-57.7774,97.52
TB,gyro,267,9.1,-1.1627e+13,-72.4901,109.08
TB,gyro,300,9.1,-1.5586e+13,-88.2130,123.15
TB,gyro,333,9.1,-2.0266e+13,-104.7775,139.57
TB,gyro,367,9.1,-2.5705e+13,-122.0346,158.27
TB,gyro,400,9.1,-3.1942e+13,-139.8544,179.24
TB,gyro,433,9.1,-3.9011e+13,-158.1240,202.50
TB,gyro,467,9.1,-4.6946e+13,-176.7462,228.09
TB,gyro,500,9.1,-5.5780e+13,-195.6379,256.05
TB,gyro,533,9.1,-6.5544e+13,-214.7282,286.43
TB,gyro,567,9.1,-7.6268e+13,-233.9573,319.26
TB,gyro,600,9.1,-8.7982e+13,-253.2751,354.61
TB,gyro,200,10.5,-4.3283e+12,-33.5938,67.21
TB,gyro,233,10.5,-6.3267e+12,-43.7884,73.74
TB,gyro,267,10.5,-8.8052e+12,-54.8955,82.48
TB,gyro,300,10.5,-1.1798e+13,-66.7715,93.12
TB,gyro,333,10.5,-1.5336e+13,-79.2881,105.54
TB,gyro,367,10.5,-1.9449e+13,-92.3319,119.67
TB,gyro,400,10.5,-2.4165e+13,-105.8039,135.53
TB,gyro,433,10.5,-2.9511e+13,-119.6182,153.12
TB,gyro,467,10.5,-3.5513e+13,-133.7007,172.47
TB,gyro,500,10.5,-4.2194e+13,-147.9881,193.61
TB,gyro,533,10.5,-4.9579e+13,-162.4266,216.58
TB,gyro,567,10.5,-5.7691e+13,-176.9707,241.41
TB,gyro,600,10.5,-6.6552e+13,-191.5822,268.14
TB,gyro,200,11.8,-3.4013e+12,-26.3990,52.60
TB,gyro,233,11.8,-4.9638e+12,-34.3559,57.70
TB,gyro,267,11.8,-6.9023e+12,-43.0317,64.54
TB,gyro,300,11.8,-9.2432e+12,-52.3138,72.87
TB,gyro,333,11.8,-1.2011e+13,-62.1010,82.59
TB,gyro,367,11.8,-1.5230e+13,-72.3039,93.65
TB,gyro,400,11.8,-1.8921e+13,-82.8443,106.06
TB,gyro,433,11.8,-2.3106e+13,-93.6544,119.82
TB,gyro,467,11.8,-2.7803e+13,-104.6759,134.97
TB,gyro,500,11.8,-3.3033e+13,-115.8588,151.51
TB,gyro,533,11.8,-3.8815e+13,-127.1607,169.48
TB,gyro,567,11.8,-4.5165e+13,-138.5457,188.91
TB,gyro,600,11.8,-5.2101e+13,-149.9839,209.83
TB,gyro,200,13.2,-2.7468e+12,-21.3193,42.28
TB,gyro,233,13.2,-4.0016e+12,-27.6962,46.38
TB,gyro,267,13.2,-5.5587e+12,-34.6555,51.88
TB,gyro,300,13.2,-7.4397e+12,-42.1062,58.57
TB,gyro,333,13.2,-9.6644e+12,-49.9664,66.38
TB,gyro,367,13.2,-1.2252e+13,-58.1634,75.28
TB,gyro,400,13.2,-1.5219e+13,-66.6340,85.25
TB,gyro,433,13.2,-1.8583e+13,-75.3231,96.32
TB,gyro,467,13.2,-2.2360e+13,-84.1834,108.49
TB,gyro,500,13.2,-2.6566e+13,-93.1744,121.78
TB,gyro,533,13.2,-3.1214e+13,-102.2617,136.23
TB,gyro,567,13.2,-3.6321e+13,-111.4163,151.85
TB,gyro,600,13.2,-4.1899e+13,-120.6140,168.66
TB,gyro,200,14.5,-2.2676e+12,-17.6000,34.72
TB,gyro,233,14.5,-3.2971e+12,-22.8202,38.09
TB,gyro,267,14.5,-4.5750e+12,-28.5227,42.61
TB,gyro,300,14.5,-6.1191e+12,-34.6325,48.11
TB,gyro,333,14.5,-7.9459e+12,-41.0817,54.52
TB,gyro,367,14.5,-1.0071e+13,-47.8102,61.82
TB,gyro,400,14.5,-1.2508e+13,-54.7653,70.02
TB,gyro,433,14.5,-1.5272e+13,-61.9014,79.10
TB,gyro,467,14.5,-1.8375e+13,-69.1793,89.10
TB,gyro,500,14.5,-2.1830e+13,-76.5654,100.02
TB,gyro,533,14.5,-2.5650e+13,-84.0313,111.89
TB,gyro,567,14.5,-2.9845e+13,-91.5529,124.71
TB,gyro,600,14.5,-3.4429e+13,-99.1102,138.52
TB,gyro,200,15.9,-1.9063e+12,-14.7955,29.02
TB,gyro,233,15.9,-2.7659e+12,-19.1434,31.84
TB,gyro,267,15.9,-3.8333e+12,-23.8982,35.62
TB,gyro,300,15.9,-5.1234e+12,-28.9969,40.21
TB,gyro,333,15.9,-6.6501e+12,-34.3822,45.57
TB,gyro,367,15.9,-8.4263e+12,-40.0032,51.68
TB,gyro,400,15.9,-1.0464e+13,-45.8156,58.53
TB,gyro,433,15.9,-1.2775e+13,-51.7807,66.12
TB,gyro,467,15.9,-1.5370e+13,-57.8653,74.48
TB,gyro,500,15.9,-1.8259e+13,-64.0413,83.61
TB,gyro,533,15.9,-2.1454e+13,-70.2845,93.53
TB,gyro,567,15.9,-2.4963e+13,-76.5747,104.25
TB,gyro,600,15.9,-2.8796e+13,-82.8951,115.79
TB,gyro,200,17.3,-1.6271e+12,-12.6286,24.62
TB,gyro,233,17.3,-2.3554e+12,-16.3025,27.01
TB,gyro,267,17.3,-3.2601e+12,-20.3251,30.21
TB,gyro,300,17.3,-4.3540e+12,-24.6425,34.11
TB,gyro,333,17.3,-5.6489e+12,-29.2058,38.66
TB,gyro,367,17.3,-7.1557e+12,-33.9712,43.84
TB,gyro,400,17.3,-8.8847e+12,-38.9006,49.65
TB,gyro,433,17.3,-1.0846e+13,-43.9609,56.10
TB,gyro,467,17.3,-1.3048e+13,-49.1237,63.18
TB,gyro,500,17.3,-1.5500e+13,-54.3646,70.93
TB,gyro,533,17.3,-1.8212e+13,-59.6631,79.34
TB,gyro,567,17.3,-2.1190e+13,-65.0019,88.44
TB,gyro,600,17.3,-2.4444e+13,-70.3665,98.23
TB,gyro,200,18.6,-1.4069e+12,-10.9197,21.15
TB,gyro,233,18.6,-2.0317e+12,-14.0621,23.20
TB,gyro,267,18.6,-2.8081e+12,-17.5072,25.95
TB,gyro,300,18.6,-3.7473e+12,-21.2086,29.30
TB,gyro,333,18.6,-4.8593e+12,-25.1235,33.21
TB,gyro,367,18.6,-6.1537e+12,-29.2142,37.66
TB,gyro,400,18.6,-7.6392e+12,-33.4472,42.65
TB,gyro,433,18.6,-9.3242e+12,-37.7940,48.19
TB,gyro,467,18.6,-1.1217e+13,-42.2297,54.28
TB,gyro,500,18.6,-1.3324e+13,-46.7333,60.93
TB,gyro,533,18.6,-1.5655e+13,-51.2868,68.16
TB,gyro,567,18.6,-1.8215e+13,-55.8752,75.97
TB,gyro,600,18.6,-2.1012e+13,-60.4861,84.38
TB,gyro,200,20.0,-1.2302e+12,-9.5483,18.37
TB,gyro,233,20.0,-1.7720e+12,-12.2641,20.15
TB,gyro,267,20.0,-2.4454e+12,-15.2459,22.54
TB,gyro,300,20.0,-3.2604e+12,-18.4528,25.44
TB,gyro,333,20.0,-4.2257e+12,-21.8474,28.84
TB,gyro,367,20.0,-5.3495e+12,-25.3966,32.70
TB,gyro,400,20.0,-6.6396e+12,-29.0708,37.03
TB,gyro,433,20.0,-8.1032e+12,-32.8450,41.84
TB,gyro,467,20.0,-9.7472e+12,-36.6972,47.13
TB,gyro,500,20.0,-1.1578e+13,-40.6090,52.90
TB,gyro,533,20.0,-1.3603e+13,-44.5646,59.18
TB,gyro,567,20.0,-1.5827e+13,-48.5509,65.96
TB,gyro,600,20.0,-1.8257e+13,-52.5569,73.27
