cross_section,n_alpha_over_ne,F_scale,p,peak_PF_PB,peak_Ti_keV,ignition
TB,0.01000,0.0000,0.00000,1.11423,420.0,1
TB,0.01310,0.0000,0.00000,1.11423,420.0,1
TB,0.01621,0.0000,0.00000,1.11423,420.0,1
TB,0.01931,0.0000,0.00000,1.11423,420.0,1
TB,0.02241,0.0000,0.00000,1.11423,420.0,1
TB,0.02552,0.0000,0.00000,1.11423,420.0,1
TB,0.02862,0.0000,0.00000,1.11423,420.0,1
TB,0.03172,0.0000,0.00000,1.11423,420.0,1
TB,0.03483,0.0000,0.00000,1.11423,420.0,1
TB,0.03793,0.0000,0.00000,1.11423,420.0,1
TB,0.04103,0.0000,0.00000,1.11423,420.0,1
TB,0.04414,0.0000,0.00000,1.11423,420.0,1
TB,0.04724,0.0000,0.00000,1.11423,420.0,1
TB,0.05034,0.0000,0.00000,1.11423,420.0,1
TB,0.05345,0.0000,0.00000,1.11423,420.0,1
TB,0.05655,0.0000,0.00000,1.11423,420.0,1
TB,0.05966,0.0000,0.00000,1.11423,420.0,1
TB,0.06276,0.0000,0.00000,1.11423,420.0,1
TB,0.06586,0.0000,0.00000,1.11423,420.0,1
TB,0.06897,0.0000,0.00000,1.11423,420.0,1
TB,0.07207,0.0000,0.00000,1.11423,420.0,1
TB,0.07517,0.0000,0.00000,1.11423,420.0,1
TB,0.07828,0.0000,0.00000,1.11423,420.0,1
TB,0.08138,0.0000,0.00000,1.11423,420.0,1
TB,0.08448,0.0000,0.00000,1.11423,420.0,1
TB,0.08759,0.0000,0.00000,1.11423,420.0,1
TB,0.09069,0.0000,0.00000,1.11423,420.0,1
TB,0.09379,0.0000,0.00000,1.11423,420.0,1
TB,0.09690,0.0000,0.00000,1.11423,420.0,1
TB,0.10000,0.0000,0.00000,1.11423,420.0,1
TB,0.01000,0.0690,0.00069,1.11750,420.0,1
TB,0.01310,0.0690,0.00090,1.11851,420.0,1
TB,0.01621,0.0690,0.00112,1.11951,420.0,1
TB,0.01931,0.0690,0.00133,1.12051,420.0,1
TB,0.02241,0.0690,0.00155,1.12151,420.0,1
TB,0.02552,0.0690,0.00176,1.12255,380.0,1
TB,0.02862,0.0690,0.00197,1.12382,380.0,1
TB,0.03172,0.0690,0.00219,1.12509,380.0,1
TB,0.03483,0.0690,0.00240,1.12635,380.0,1
TB,0.03793,0.0690,0.00262,1.12760,380.0,1
TB,0.04103,0.0690,0.00283,1.12885,380.0,1
TB,0.04414,0.0690,0.00304,1.13010,380.0,1
TB,0.04724,0.0690,0.00326,1.13134,380.0,1
TB,0.05034,0.0690,0.00347,1.13257,380.0,1
TB,0.05345,0.0690,0.00369,1.13380,380.0,1
TB,0.05655,0.0690,0.00390,1.13503,380.0,1
TB,0.05966,0.0690,0.00411,1.13626,380.0,1
TB,0.06276,0.0690,0.00433,1.13746,380.0,1
TB,0.06586,0.0690,0.00454,1.13867,380.0,1
TB,0.06897,0.0690,0.00476,1.13987,380.0,1
TB,0.07207,0.0690,0.00497,1.14108,380.0,1
TB,0.07517,0.0690,0.00518,1.14228,380.0,1
TB,0.07828,0.0690,0.00540,1.14349,380.0,1
TB,0.08138,0.0690,0.00561,1.14467,380.0,1
TB,0.08448,0.0690,0.00583,1.14584,380.0,1
TB,0.08759,0.0690,0.00604,1.14700,380.0,1
TB,0.09069,0.0690,0.00625,1.14817,380.0,1
TB,0.09379,0.0690,0.00647,1.14934,380.0,1
TB,0.09690,0.0690,0.00668,1.15051,380.0,1
TB,0.10000,0.0690,0.00690,1.15168,380.0,1
TB,0.01000,0.1379,0.00138,1.12073,420.0,1
TB,0.01310,0.1379,0.00181,1.12283,380.0,1
TB,0.01621,0.1379,0.00224,1.12537,380.0,1
TB,0.01931,0.1379,0.00266,1.12788,380.0,1
TB,0.02241,0.1379,0.00309,1.13038,380.0,1
TB,0.02552,0.1379,0.00352,1.13284,380.0,1
TB,0.02862,0.1379,0.00395,1.13531,380.0,1
TB,0.03172,0.1379,0.00438,1.13773,380.0,1
TB,0.03483,0.1379,0.00480,1.14014,380.0,1
TB,0.03793,0.1379,0.00523,1.14255,380.0,1
TB,0.04103,0.1379,0.00566,1.14493,380.0,1
TB,0.04414,0.1379,0.00609,1.14726,380.0,1
TB,0.04724,0.1379,0.00652,1.14960,380.0,1
TB,0.05034,0.1379,0.00694,1.15194,380.0,1
TB,0.05345,0.1379,0.00737,1.15428,380.0,1
TB,0.05655,0.1379,0.00780,1.15652,380.0,1
TB,0.05966,0.1379,0.00823,1.15877,380.0,1
TB,0.06276,0.1379,0.00866,1.16102,380.0,1
TB,0.06586,0.1379,0.00908,1.16355,340.0,1
TB,0.06897,0.1379,0.00951,1.16644,340.0,1
TB,0.07207,0.1379,0.00994,1.16932,340.0,1
TB,0.07517,0.1379,0.01037,1.17204,340.0,1
TB,0.07828,0.1379,0.01080,1.17476,340.0,1
TB,0.08138,0.1379,0.01122,1.17748,340.0,1
TB,0.08448,0.1379,0.01165,1.18020,340.0,1
TB,0.08759,0.1379,0.01208,1.18293,340.0,1
TB,0.09069,0.1379,0.01251,1.18565,340.0,1
TB,0.09379,0.1379,0.01294,1.18837,340.0,1
TB,0.09690,0.1379,0.01337,1.19109,340.0,1
TB,0.10000,0.1379,0.01379,1.19362,340.0,1
TB,0.01000,0.2069,0.00207,1.12439,380.0,1
TB,0.01310,0.2069,0.00271,1.12816,380.0,1
TB,0.01621,0.2069,0.00335,1.13188,380.0,1
TB,0.01931,0.2069,0.00400,1.13558,380.0,1
TB,0.02241,0.2069,0.00464,1.13920,380.0,1
TB,0.02552,0.2069,0.00528,1.14282,380.0,1
TB,0.02862,0.2069,0.00592,1.14635,380.0,1
TB,0.03172,0.2069,0.00656,1.14986,380.0,1
TB,0.03483,0.2069,0.00721,1.15337,380.0,1
TB,0.03793,0.2069,0.00785,1.15677,380.0,1
TB,0.04103,0.2069,0.00849,1.16014,380.0,1
TB,0.04414,0.2069,0.00913,1.16387,340.0,1
TB,0.04724,0.2069,0.00977,1.16820,340.0,1
TB,0.05034,0.2069,0.01042,1.17234,340.0,1
TB,0.05345,0.2069,0.01106,1.17642,340.0,1
TB,0.05655,0.2069,0.01170,1.18051,340.0,1
TB,0.05966,0.2069,0.01234,1.18459,340.0,1
TB,0.06276,0.2069,0.01298,1.18867,340.0,1
TB,0.06586,0.2069,0.01363,1.19265,340.0,1
TB,0.06897,0.2069,0.01427,1.19642,340.0,1
TB,0.07207,0.2069,0.01491,1.20020,340.0,1
TB,0.07517,0.2069,0.01555,1.20398,340.0,1
TB,0.07828,0.2069,0.01620,1.20806,300.0,1
TB,0.08138,0.2069,0.01684,1.21297,300.0,1
TB,0.08448,0.2069,0.01748,1.21787,300.0,1
TB,0.08759,0.2069,0.01812,1.22276,300.0,1
TB,0.09069,0.2069,0.01876,1.22718,300.0,1
TB,0.09379,0.2069,0.01941,1.23160,300.0,1
TB,0.09690,0.2069,0.02005,1.23602,300.0,1
TB,0.10000,0.2069,0.02069,1.24043,300.0,1
TB,0.01000,0.2759,0.00276,1.12844,380.0,1
TB,0.01310,0.2759,0.00361,1.13339,380.0,1
TB,0.01621,0.2759,0.00447,1.13826,380.0,1
TB,0.01931,0.2759,0.00533,1.14309,380.0,1
TB,0.02241,0.2759,0.00618,1.14778,380.0,1
TB,0.02552,0.2759,0.00704,1.15246,380.0,1
TB,0.02862,0.2759,0.00790,1.15702,380.0,1
TB,0.03172,0.2759,0.00875,1.16152,380.0,1
TB,0.03483,0.2759,0.00961,1.16708,340.0,1
TB,0.03793,0.2759,0.01046,1.17264,340.0,1
TB,0.04103,0.2759,0.01132,1.17809,340.0,1
TB,0.04414,0.2759,0.01218,1.18353,340.0,1
TB,0.04724,0.2759,0.01303,1.18897,340.0,1
TB,0.05034,0.2759,0.01389,1.19418,340.0,1
TB,0.05345,0.2759,0.01474,1.19922,340.0,1
TB,0.05655,0.2759,0.01560,1.20426,340.0,1
TB,0.05966,0.2759,0.01646,1.21006,300.0,1
TB,0.06276,0.2759,0.01731,1.21660,300.0,1
TB,0.06586,0.2759,0.01817,1.22309,300.0,1
TB,0.06897,0.2759,0.01902,1.22898,300.0,1
TB,0.07207,0.2759,0.01988,1.23487,300.0,1
TB,0.07517,0.2759,0.02074,1.24076,300.0,1
TB,0.07828,0.2759,0.02159,1.24665,300.0,1
TB,0.08138,0.2759,0.02245,1.25254,300.0,1
TB,0.08448,0.2759,0.02331,1.25843,300.0,1
TB,0.08759,0.2759,0.02416,1.26432,300.0,1
TB,0.09069,0.2759,0.02502,1.27141,260.0,1
TB,0.09379,0.2759,0.02587,1.27821,260.0,1
TB,0.09690,0.2759,0.02673,1.28500,260.0,1
TB,0.10000,0.2759,0.02759,1.29180,260.0,1
TB,0.01000,0.3448,0.00345,1.13243,380.0,1
TB,0.01310,0.3448,0.00452,1.13853,380.0,1
TB,0.01621,0.3448,0.00559,1.14454,380.0,1
TB,0.01931,0.3448,0.00666,1.15038,380.0,1
TB,0.02241,0.3448,0.00773,1.15615,380.0,1
TB,0.02552,0.3448,0.00880,1.16177,380.0,1
TB,0.02862,0.3448,0.00987,1.16884,340.0,1
TB,0.03172,0.3448,0.01094,1.17567,340.0,1
TB,0.03483,0.3448,0.01201,1.18247,340.0,1
TB,0.03793,0.3448,0.01308,1.18928,340.0,1
TB,0.04103,0.3448,0.01415,1.19572,340.0,1
TB,0.04414,0.3448,0.01522,1.20202,340.0,1
TB,0.04724,0.3448,0.01629,1.20878,300.0,1
TB,0.05034,0.3448,0.01736,1.21697,300.0,1
TB,0.05345,0.3448,0.01843,1.22489,300.0,1
TB,0.05655,0.3448,0.01950,1.23225,300.0,1
TB,0.05966,0.3448,0.02057,1.23961,300.0,1
TB,0.06276,0.3448,0.02164,1.24698,300.0,1
TB,0.06586,0.3448,0.02271,1.25434,300.0,1
TB,0.06897,0.3448,0.02378,1.26170,300.0,1
TB,0.07207,0.3448,0.02485,1.27009,260.0,1
TB,0.07517,0.3448,0.02592,1.27858,260.0,1
TB,0.07828,0.3448,0.02699,1.28708,260.0,1
TB,0.08138,0.3448,0.02806,1.29558,260.0,1
TB,0.08448,0.3448,0.02913,1.30408,260.0,1
TB,0.08759,0.3448,0.03020,1.31257,260.0,1
TB,0.09069,0.3448,0.03127,1.32107,260.0,1
TB,0.09379,0.3448,0.03234,1.32957,260.0,1
TB,0.09690,0.3448,0.03341,1.33816,220.0,1
TB,0.10000,0.3448,0.03448,1.34786,220.0,1
TB,0.01000,0.4138,0.00414,1.13639,380.0,1
TB,0.01310,0.4138,0.00542,1.14362,380.0,1
TB,0.01621,0.4138,0.00671,1.15064,380.0,1
TB,0.01931,0.4138,0.00799,1.15752,380.0,1
TB,0.02241,0.4138,0.00927,1.16484,340.0,1
TB,0.02552,0.4138,0.01056,1.17325,340.0,1
TB,0.02862,0.4138,0.01184,1.18141,340.0,1
TB,0.03172,0.4138,0.01313,1.18958,340.0,1
TB,0.03483,0.4138,0.01441,1.19726,340.0,1
TB,0.03793,0.4138,0.01570,1.20482,340.0,1
TB,0.04103,0.4138,0.01698,1.21406,300.0,1
TB,0.04414,0.4138,0.01826,1.22374,300.0,1
TB,0.04724,0.4138,0.01955,1.23258,300.0,1
TB,0.05034,0.4138,0.02083,1.24141,300.0,1
TB,0.05345,0.4138,0.02212,1.25025,300.0,1
TB,0.05655,0.4138,0.02340,1.25908,300.0,1
TB,0.05966,0.4138,0.02468,1.26876,260.0,1
TB,0.06276,0.4138,0.02597,1.27896,260.0,1
TB,0.06586,0.4138,0.02725,1.28916,260.0,1
TB,0.06897,0.4138,0.02854,1.29936,260.0,1
TB,0.07207,0.4138,0.02982,1.30955,260.0,1
TB,0.07517,0.4138,0.03111,1.31975,260.0,1
TB,0.07828,0.4138,0.03239,1.32995,260.0,1
TB,0.08138,0.4138,0.03367,1.34053,220.0,1
TB,0.08448,0.4138,0.03496,1.35217,220.0,1
TB,0.08759,0.4138,0.03624,1.36381,220.0,1
TB,0.09069,0.4138,0.03753,1.37545,220.0,1
TB,0.09379,0.4138,0.03881,1.38709,220.0,1
TB,0.09690,0.4138,0.04010,1.39872,220.0,1
TB,0.10000,0.4138,0.04138,1.41036,220.0,1
TB,0.01000,0.4828,0.00483,1.14027,380.0,1
TB,0.01310,0.4828,0.00633,1.14856,380.0,1
TB,0.01621,0.4828,0.00782,1.15665,380.0,1
TB,0.01931,0.4828,0.00932,1.16516,340.0,1
TB,0.02241,0.4828,0.01082,1.17491,340.0,1
TB,0.02552,0.4828,0.01232,1.18444,340.0,1
TB,0.02862,0.4828,0.01382,1.19376,340.0,1
TB,0.03172,0.4828,0.01532,1.20258,340.0,1
TB,0.03483,0.4828,0.01681,1.21278,300.0,1
TB,0.03793,0.4828,0.01831,1.22407,300.0,1
TB,0.04103,0.4828,0.01981,1.23438,300.0,1
TB,0.04414,0.4828,0.02131,1.24469,300.0,1
TB,0.04724,0.4828,0.02281,1.25499,300.0,1
TB,0.05034,0.4828,0.02430,1.26559,260.0,1
TB,0.05345,0.4828,0.02580,1.27764,260.0,1
TB,0.05655,0.4828,0.02730,1.28954,260.0,1
TB,0.05966,0.4828,0.02880,1.30143,260.0,1
TB,0.06276,0.4828,0.03030,1.31333,260.0,1
TB,0.06586,0.4828,0.03180,1.32523,260.0,1
TB,0.06897,0.4828,0.03329,1.33709,220.0,1
TB,0.07207,0.4828,0.03479,1.35066,220.0,1
TB,0.07517,0.4828,0.03629,1.36424,220.0,1
TB,0.07828,0.4828,0.03779,1.37782,220.0,1
TB,0.08138,0.4828,0.03929,1.39140,220.0,1
TB,0.08448,0.4828,0.04078,1.40497,220.0,1
TB,0.08759,0.4828,0.04228,1.41855,220.0,1
TB,0.09069,0.4828,0.04378,1.43213,220.0,1
TB,0.09379,0.4828,0.04528,1.44852,180.0,1
TB,0.09690,0.4828,0.04678,1.46396,180.0,1
TB,0.10000,0.4828,0.04828,1.47940,180.0,1
TB,0.01000,0.5517,0.00552,1.14415,380.0,1
TB,0.01310,0.5517,0.00723,1.15350,380.0,1
TB,0.01621,0.5517,0.00894,1.16259,340.0,1
TB,0.01931,0.5517,0.01065,1.17385,340.0,1
TB,0.02241,0.5517,0.01237,1.18474,340.0,1
TB,0.02552,0.5517,0.01408,1.19530,340.0,1
TB,0.02862,0.5517,0.01579,1.20537,340.0,1
TB,0.03172,0.5517,0.01750,1.21806,300.0,1
TB,0.03483,0.5517,0.01922,1.23029,300.0,1
TB,0.03793,0.5517,0.02093,1.24207,300.0,1
TB,0.04103,0.5517,0.02264,1.25385,300.0,1
TB,0.04414,0.5517,0.02435,1.26603,260.0,1
TB,0.04724,0.5517,0.02606,1.27972,260.0,1
TB,0.05034,0.5517,0.02778,1.29331,260.0,1
TB,0.05345,0.5517,0.02949,1.30691,260.0,1
TB,0.05655,0.5517,0.03120,1.32051,260.0,1
TB,0.05966,0.5517,0.03291,1.33410,260.0,1
TB,0.06276,0.5517,0.03463,1.34915,220.0,1
TB,0.06586,0.5517,0.03634,1.36467,220.0,1
TB,0.06897,0.5517,0.03805,1.38019,220.0,1
TB,0.07207,0.5517,0.03976,1.39571,220.0,1
TB,0.07517,0.5517,0.04147,1.41122,220.0,1
TB,0.07828,0.5517,0.04319,1.42674,220.0,1
TB,0.08138,0.5517,0.04490,1.44460,180.0,1
TB,0.08448,0.5517,0.04661,1.46224,180.0,1
TB,0.08759,0.5517,0.04832,1.47989,180.0,1
TB,0.09069,0.5517,0.05004,1.49753,180.0,1
TB,0.09379,0.5517,0.05175,1.51518,180.0,1
TB,0.09690,0.5517,0.05346,1.53282,180.0,1
TB,0.10000,0.5517,0.05517,1.55047,180.0,1
TB,0.01000,0.6207,0.00621,1.14791,380.0,1
TB,0.01310,0.6207,0.00813,1.15827,380.0,1
TB,0.01621,0.6207,0.01006,1.17007,340.0,1
TB,0.01931,0.6207,0.01199,1.18232,340.0,1
TB,0.02241,0.6207,0.01391,1.19432,340.0,1
TB,0.02552,0.6207,0.01584,1.20565,340.0,1
TB,0.02862,0.6207,0.01776,1.22006,300.0,1
TB,0.03172,0.6207,0.01969,1.23356,300.0,1
TB,0.03483,0.6207,0.02162,1.24681,300.0,1
TB,0.03793,0.6207,0.02354,1.26006,300.0,1
TB,0.04103,0.6207,0.02547,1.27500,260.0,1
TB,0.04414,0.6207,0.02740,1.29029,260.0,1
TB,0.04724,0.6207,0.02932,1.30559,260.0,1
TB,0.05034,0.6207,0.03125,1.32088,260.0,1
TB,0.05345,0.6207,0.03317,1.33601,220.0,1
TB,0.05655,0.6207,0.03510,1.35346,220.0,1
TB,0.05966,0.6207,0.03703,1.37092,220.0,1
TB,0.06276,0.6207,0.03895,1.38838,220.0,1
TB,0.06586,0.6207,0.04088,1.40584,220.0,1
TB,0.06897,0.6207,0.04281,1.42329,220.0,1
TB,0.07207,0.6207,0.04473,1.44288,180.0,1
TB,0.07517,0.6207,0.04666,1.46273,180.0,1
TB,0.07828,0.6207,0.04859,1.48258,180.0,1
TB,0.08138,0.6207,0.05051,1.50243,180.0,1
TB,0.08448,0.6207,0.05244,1.52228,180.0,1
TB,0.08759,0.6207,0.05436,1.54213,180.0,1
TB,0.09069,0.6207,0.05629,1.56198,180.0,1
TB,0.09379,0.6207,0.05822,1.58184,180.0,1
TB,0.09690,0.6207,0.06014,1.60169,180.0,1
TB,0.10000,0.6207,0.06207,1.62298,140.0,1
TB,0.01000,0.6897,0.00690,1.15168,380.0,1
TB,0.01310,0.6897,0.00904,1.16323,340.0,1
TB,0.01621,0.6897,0.01118,1.17718,340.0,1
TB,0.01931,0.6897,0.01332,1.19079,340.0,1
TB,0.02241,0.6897,0.01546,1.20342,340.0,1
TB,0.02552,0.6897,0.01760,1.21878,300.0,1
TB,0.02862,0.6897,0.01974,1.23389,300.0,1
TB,0.03172,0.6897,0.02188,1.24861,300.0,1
TB,0.03483,0.6897,0.02402,1.26334,300.0,1
TB,0.03793,0.6897,0.02616,1.28047,260.0,1
TB,0.04103,0.6897,0.02830,1.29747,260.0,1
TB,0.04414,0.6897,0.03044,1.31446,260.0,1
TB,0.04724,0.6897,0.03258,1.33146,260.0,1
TB,0.05034,0.6897,0.03472,1.35002,220.0,1
TB,0.05345,0.6897,0.03686,1.36941,220.0,1
TB,0.05655,0.6897,0.03900,1.38881,220.0,1
TB,0.05966,0.6897,0.04114,1.40821,220.0,1
TB,0.06276,0.6897,0.04328,1.42760,220.0,1
TB,0.06586,0.6897,0.04542,1.44999,180.0,1
TB,0.06897,0.6897,0.04756,1.47204,180.0,1
TB,0.07207,0.6897,0.04970,1.49410,180.0,1
TB,0.07517,0.6897,0.05184,1.51616,180.0,1
TB,0.07828,0.6897,0.05398,1.53821,180.0,1
TB,0.08138,0.6897,0.05612,1.56027,180.0,1
TB,0.08448,0.6897,0.05826,1.58233,180.0,1
TB,0.08759,0.6897,0.06040,1.60415,140.0,1
TB,0.09069,0.6897,0.06254,1.62835,140.0,1
TB,0.09379,0.6897,0.06468,1.65255,140.0,1
TB,0.09690,0.6897,0.06683,1.67675,140.0,1
TB,0.10000,0.6897,0.06897,1.70095,140.0,1
TB,0.01000,0.7586,0.00759,1.15540,380.0,1
TB,0.01310,0.7586,0.00994,1.16932,340.0,1
TB,0.01621,0.7586,0.01229,1.18429,340.0,1
TB,0.01931,0.7586,0.01465,1.19866,340.0,1
TB,0.02241,0.7586,0.01700,1.21424,300.0,1
TB,0.02552,0.7586,0.01936,1.23127,300.0,1
TB,0.02862,0.7586,0.02171,1.24747,300.0,1
TB,0.03172,0.7586,0.02407,1.26366,300.0,1
TB,0.03483,0.7586,0.02642,1.28255,260.0,1
TB,0.03793,0.7586,0.02878,1.30124,260.0,1
TB,0.04103,0.7586,0.03113,1.31994,260.0,1
TB,0.04414,0.7586,0.03348,1.33881,220.0,1
TB,0.04724,0.7586,0.03584,1.36015,220.0,1
TB,0.05034,0.7586,0.03819,1.38148,220.0,1
TB,0.05345,0.7586,0.04055,1.40282,220.0,1
TB,0.05655,0.7586,0.04290,1.42416,220.0,1
TB,0.05966,0.7586,0.04526,1.44827,180.0,1
TB,0.06276,0.7586,0.04761,1.47253,180.0,1
TB,0.06586,0.7586,0.04996,1.49680,180.0,1
TB,0.06897,0.7586,0.05232,1.52106,180.0,1
TB,0.07207,0.7586,0.05467,1.54532,180.0,1
TB,0.07517,0.7586,0.05703,1.56958,180.0,1
TB,0.07828,0.7586,0.05938,1.59384,180.0,1
TB,0.08138,0.7586,0.06174,1.61921,140.0,1
TB,0.08448,0.7586,0.06409,1.64583,140.0,1
TB,0.08759,0.7586,0.06644,1.67245,140.0,1
TB,0.09069,0.7586,0.06880,1.69907,140.0,1
TB,0.09379,0.7586,0.07115,1.72569,140.0,1
TB,0.09690,0.7586,0.07351,1.75231,140.0,1
TB,0.10000,0.7586,0.07586,1.77893,140.0,1
TB,0.01000,0.8276,0.00828,1.15902,380.0,1
TB,0.01310,0.8276,0.01084,1.17506,340.0,1
TB,0.01621,0.8276,0.01341,1.19139,340.0,1
TB,0.01931,0.8276,0.01598,1.20649,340.0,1
TB,0.02241,0.8276,0.01855,1.22571,300.0,1
TB,0.02552,0.8276,0.02112,1.24338,300.0,1
TB,0.02862,0.8276,0.02369,1.26105,300.0,1
TB,0.03172,0.8276,0.02625,1.28123,260.0,1
TB,0.03483,0.8276,0.02882,1.30162,260.0,1
TB,0.03793,0.8276,0.03139,1.32202,260.0,1
TB,0.04103,0.8276,0.03396,1.34312,220.0,1
TB,0.04414,0.8276,0.03653,1.36640,220.0,1
TB,0.04724,0.8276,0.03910,1.38967,220.0,1
TB,0.05034,0.8276,0.04166,1.41295,220.0,1
TB,0.05345,0.8276,0.04423,1.43700,180.0,1
TB,0.05655,0.8276,0.04680,1.46420,180.0,1
TB,0.05966,0.8276,0.04937,1.49067,180.0,1
TB,0.06276,0.8276,0.05194,1.51714,180.0,1
TB,0.06586,0.8276,0.05451,1.54360,180.0,1
TB,0.06897,0.8276,0.05707,1.57007,180.0,1
TB,0.07207,0.8276,0.05964,1.59654,180.0,1
TB,0.07517,0.8276,0.06221,1.62459,140.0,1
TB,0.07828,0.8276,0.06478,1.65363,140.0,1
TB,0.08138,0.8276,0.06735,1.68267,140.0,1
TB,0.08448,0.8276,0.06992,1.71171,140.0,1
TB,0.08759,0.8276,0.07249,1.74075,140.0,1
TB,0.09069,0.8276,0.07505,1.76979,140.0,1
TB,0.09379,0.8276,0.07762,1.79883,140.0,1
TB,0.09690,0.8276,0.08019,1.82787,140.0,1
TB,0.10000,0.8276,0.08276,1.85177,140.0,1
TB,0.01000,0.8966,0.00897,1.16275,340.0,1
TB,0.01310,0.8966,0.01175,1.18081,340.0,1
TB,0.01621,0.8966,0.01453,1.19796,340.0,1
TB,0.01931,0.8966,0.01731,1.21660,300.0,1
TB,0.02241,0.8966,0.02010,1.23634,300.0,1
TB,0.02552,0.8966,0.02288,1.25548,300.0,1
TB,0.02862,0.8966,0.02566,1.27651,260.0,1
TB,0.03172,0.8966,0.02844,1.29860,260.0,1
TB,0.03483,0.8966,0.03122,1.32070,260.0,1
TB,0.03793,0.8966,0.03401,1.34355,220.0,1
TB,0.04103,0.8966,0.03679,1.36877,220.0,1
TB,0.04414,0.8966,0.03957,1.39398,220.0,1
TB,0.04724,0.8966,0.04235,1.41920,220.0,1
TB,0.05034,0.8966,0.04514,1.44705,180.0,1
TB,0.05345,0.8966,0.04792,1.47572,180.0,1
TB,0.05655,0.8966,0.05070,1.50439,180.0,1
TB,0.05966,0.8966,0.05348,1.53307,180.0,1
TB,0.06276,0.8966,0.05627,1.56174,180.0,1
TB,0.06586,0.8966,0.05905,1.59041,180.0,1
TB,0.06897,0.8966,0.06183,1.62029,140.0,1
TB,0.07207,0.8966,0.06461,1.65175,140.0,1
TB,0.07517,0.8966,0.06740,1.68321,140.0,1
TB,0.07828,0.8966,0.07018,1.71467,140.0,1
TB,0.08138,0.8966,0.07296,1.74613,140.0,1
TB,0.08448,0.8966,0.07574,1.77759,140.0,1
TB,0.08759,0.8966,0.07853,1.80905,140.0,1
TB,0.09069,0.8966,0.08131,1.84025,140.0,1
TB,0.09379,0.8966,0.08409,1.86235,140.0,1
TB,0.09690,0.8966,0.08687,1.88445,140.0,1
TB,0.10000,0.8966,0.08966,1.90655,140.0,1
TB,0.01000,0.9655,0.00966,1.16740,340.0,1
TB,0.01310,0.9655,0.01265,1.18655,340.0,1
TB,0.01621,0.9655,0.01565,1.20454,340.0,1
TB,0.01931,0.9655,0.01864,1.22636,300.0,1
TB,0.02241,0.9655,0.02164,1.24698,300.0,1
TB,0.02552,0.9655,0.02464,1.26839,260.0,1
TB,0.02862,0.9655,0.02763,1.29218,260.0,1
TB,0.03172,0.9655,0.03063,1.31597,260.0,1
TB,0.03483,0.9655,0.03363,1.34010,220.0,1
TB,0.03793,0.9655,0.03662,1.36726,220.0,1
TB,0.04103,0.9655,0.03962,1.39441,220.0,1
TB,0.04414,0.9655,0.04262,1.42157,220.0,1
TB,0.04724,0.9655,0.04561,1.45195,180.0,1
TB,0.05034,0.9655,0.04861,1.48283,180.0,1
TB,0.05345,0.9655,0.05161,1.51371,180.0,1
TB,0.05655,0.9655,0.05460,1.54458,180.0,1
TB,0.05966,0.9655,0.05760,1.57546,180.0,1
TB,0.06276,0.9655,0.06059,1.60631,140.0,1
TB,0.06586,0.9655,0.06359,1.64019,140.0,1
TB,0.06897,0.9655,0.06659,1.67407,140.0,1
TB,0.07207,0.9655,0.06958,1.70795,140.0,1
TB,0.07517,0.9655,0.07258,1.74183,140.0,1
TB,0.07828,0.9655,0.07558,1.77571,140.0,1
TB,0.08138,0.9655,0.07857,1.80959,140.0,1
TB,0.08448,0.9655,0.08157,1.84233,140.0,1
TB,0.08759,0.9655,0.08457,1.86613,140.0,1
TB,0.09069,0.9655,0.08756,1.88993,140.0,1
TB,0.09379,0.9655,0.09056,1.91373,140.0,1
TB,0.09690,0.9655,0.09356,1.93753,140.0,1
TB,0.10000,0.9655,0.09655,1.96133,140.0,1
TB,0.01000,1.0345,0.01034,1.17189,340.0,1
TB,0.01310,1.0345,0.01356,1.19223,340.0,1
TB,0.01621,1.0345,0.01677,1.21242,300.0,1
TB,0.01931,1.0345,0.01998,1.23552,300.0,1
TB,0.02241,1.0345,0.02319,1.25761,300.0,1
TB,0.02552,1.0345,0.02640,1.28236,260.0,1
TB,0.02862,1.0345,0.02961,1.30785,260.0,1
TB,0.03172,1.0345,0.03282,1.33335,260.0,1
TB,0.03483,1.0345,0.03603,1.36187,220.0,1
TB,0.03793,1.0345,0.03924,1.39097,220.0,1
TB,0.04103,1.0345,0.04245,1.42006,220.0,1
TB,0.04414,1.0345,0.04566,1.45244,180.0,1
TB,0.04724,1.0345,0.04887,1.48552,180.0,1
TB,0.05034,1.0345,0.05208,1.51861,180.0,1
TB,0.05345,1.0345,0.05529,1.55169,180.0,1
TB,0.05655,1.0345,0.05850,1.58478,180.0,1
TB,0.05966,1.0345,0.06171,1.61894,140.0,1
TB,0.06276,1.0345,0.06492,1.65524,140.0,1
TB,0.06586,1.0345,0.06813,1.69154,140.0,1
TB,0.06897,1.0345,0.07134,1.72784,140.0,1
TB,0.07207,1.0345,0.07455,1.76414,140.0,1
TB,0.07517,1.0345,0.07776,1.80044,140.0,1
TB,0.07828,1.0345,0.08098,1.83674,140.0,1
TB,0.08138,1.0345,0.08419,1.86311,140.0,1
TB,0.08448,1.0345,0.08740,1.88861,140.0,1
TB,0.08759,1.0345,0.09061,1.91411,140.0,1
TB,0.09069,1.0345,0.09382,1.93961,140.0,1
TB,0.09379,1.0345,0.09703,1.96511,140.0,1
TB,0.09690,1.0345,0.10024,1.99061,140.0,1
TB,0.10000,1.0345,0.10345,2.01611,140.0,1
TB,0.01000,1.1034,0.01103,1.17627,340.0,1
TB,0.01310,1.1034,0.01446,1.19754,340.0,1
TB,0.01621,1.1034,0.01788,1.22097,300.0,1
TB,0.01931,1.1034,0.02131,1.24469,300.0,1
TB,0.02241,1.1034,0.02473,1.26914,260.0,1
TB,0.02552,1.1034,0.02816,1.29633,260.0,1
TB,0.02862,1.1034,0.03158,1.32353,260.0,1
TB,0.03172,1.1034,0.03501,1.35260,220.0,1
TB,0.03483,1.1034,0.03843,1.38364,220.0,1
TB,0.03793,1.1034,0.04185,1.41467,220.0,1
TB,0.04103,1.1034,0.04528,1.44852,180.0,1
TB,0.04414,1.1034,0.04870,1.48381,180.0,1
TB,0.04724,1.1034,0.05213,1.51910,180.0,1
TB,0.05034,1.1034,0.05555,1.55439,180.0,1
TB,0.05345,1.1034,0.05898,1.58968,180.0,1
TB,0.05655,1.1034,0.06240,1.62674,140.0,1
TB,0.05966,1.1034,0.06583,1.66546,140.0,1
TB,0.06276,1.1034,0.06925,1.70418,140.0,1
TB,0.06586,1.1034,0.07268,1.74290,140.0,1
TB,0.06897,1.1034,0.07610,1.78162,140.0,1
TB,0.07207,1.1034,0.07952,1.82034,140.0,1
TB,0.07517,1.1034,0.08295,1.85329,140.0,1
TB,0.07828,1.1034,0.08637,1.88049,140.0,1
TB,0.08138,1.1034,0.08980,1.90769,140.0,1
TB,0.08448,1.1034,0.09322,1.93489,140.0,1
TB,0.08759,1.1034,0.09665,1.96209,140.0,1
TB,0.09069,1.1034,0.10007,1.98929,140.0,1
TB,0.09379,1.1034,0.10350,2.01649,140.0,1
TB,0.09690,1.1034,0.10692,2.04369,140.0,1
TB,0.10000,1.1034,0.11034,2.06903,140.0,1
TB,0.01000,1.1724,0.01172,1.18066,340.0,1
TB,0.01310,1.1724,0.01536,1.20286,340.0,1
TB,0.01621,1.1724,0.01900,1.22882,300.0,1
TB,0.01931,1.1724,0.02264,1.25385,300.0,1
TB,0.02241,1.1724,0.02628,1.28142,260.0,1
TB,0.02552,1.1724,0.02992,1.31031,260.0,1
TB,0.02862,1.1724,0.03356,1.33946,220.0,1
TB,0.03172,1.1724,0.03719,1.37243,220.0,1
TB,0.03483,1.1724,0.04083,1.40541,220.0,1
TB,0.03793,1.1724,0.04447,1.44000,180.0,1
TB,0.04103,1.1724,0.04811,1.47768,180.0,1
TB,0.04414,1.1724,0.05175,1.51518,180.0,1
TB,0.04724,1.1724,0.05539,1.55267,180.0,1
TB,0.05034,1.1724,0.05902,1.59017,180.0,1
TB,0.05345,1.1724,0.06266,1.62970,140.0,1
TB,0.05655,1.1724,0.06630,1.67084,140.0,1
TB,0.05966,1.1724,0.06994,1.71198,140.0,1
TB,0.06276,1.1724,0.07358,1.75312,140.0,1
TB,0.06586,1.1724,0.07722,1.79426,140.0,1
TB,0.06897,1.1724,0.08086,1.83540,140.0,1
TB,0.07207,1.1724,0.08449,1.86556,140.0,1
TB,0.07517,1.1724,0.08813,1.89447,140.0,1
TB,0.07828,1.1724,0.09177,1.92337,140.0,1
TB,0.08138,1.1724,0.09541,1.95227,140.0,1
TB,0.08448,1.1724,0.09905,1.98117,140.0,1
TB,0.08759,1.1724,0.10269,2.01007,140.0,1
TB,0.09069,1.1724,0.10633,2.03897,140.0,1
TB,0.09379,1.1724,0.10996,2.06709,140.0,1
TB,0.09690,1.1724,0.11360,2.08566,140.0,1
TB,0.10000,1.1724,0.11724,2.10424,140.0,1
TB,0.01000,1.2414,0.01241,1.18504,340.0,1
TB,0.01310,1.2414,0.01627,1.20860,300.0,1
TB,0.01621,1.2414,0.02012,1.23651,300.0,1
TB,0.01931,1.2414,0.02397,1.26301,300.0,1
TB,0.02241,1.2414,0.02782,1.29369,260.0,1
TB,0.02552,1.2414,0.03168,1.32428,260.0,1
TB,0.02862,1.2414,0.03553,1.35734,220.0,1
TB,0.03172,1.2414,0.03938,1.39226,220.0,1
TB,0.03483,1.2414,0.04323,1.42717,220.0,1
TB,0.03793,1.2414,0.04709,1.46714,180.0,1
TB,0.04103,1.2414,0.05094,1.50684,180.0,1
TB,0.04414,1.2414,0.05479,1.54655,180.0,1
TB,0.04724,1.2414,0.05864,1.58625,180.0,1
TB,0.05034,1.2414,0.06250,1.62782,140.0,1
TB,0.05345,1.2414,0.06635,1.67138,140.0,1
TB,0.05655,1.2414,0.07020,1.71494,140.0,1
TB,0.05966,1.2414,0.07405,1.75850,140.0,1
TB,0.06276,1.2414,0.07791,1.80206,140.0,1
TB,0.06586,1.2414,0.08176,1.84384,140.0,1
TB,0.06897,1.2414,0.08561,1.87444,140.0,1
TB,0.07207,1.2414,0.08946,1.90504,140.0,1
TB,0.07517,1.2414,0.09332,1.93564,140.0,1
TB,0.07828,1.2414,0.09717,1.96625,140.0,1
TB,0.08138,1.2414,0.10102,1.99685,140.0,1
TB,0.08448,1.2414,0.10488,2.02745,140.0,1
TB,0.08759,1.2414,0.10873,2.05805,140.0,1
TB,0.09069,1.2414,0.11258,2.08044,140.0,1
TB,0.09379,1.2414,0.11643,2.10011,140.0,1
TB,0.09690,1.2414,0.12029,2.11978,140.0,1
TB,0.10000,1.2414,0.12414,2.13944,140.0,1
TB,0.01000,1.3103,0.01310,1.18943,340.0,1
TB,0.01310,1.3103,0.01717,1.21551,300.0,1
TB,0.01621,1.3103,0.02124,1.24420,300.0,1
TB,0.01931,1.3103,0.02530,1.27367,260.0,1
TB,0.02241,1.3103,0.02937,1.30597,260.0,1
TB,0.02552,1.3103,0.03344,1.33838,220.0,1
TB,0.02862,1.3103,0.03750,1.37523,220.0,1
TB,0.03172,1.3103,0.04157,1.41209,220.0,1
TB,0.03483,1.3103,0.04564,1.45219,180.0,1
TB,0.03793,1.3103,0.04970,1.49410,180.0,1
TB,0.04103,1.3103,0.05377,1.53601,180.0,1
TB,0.04414,1.3103,0.05784,1.57791,180.0,1
TB,0.04724,1.3103,0.06190,1.62109,140.0,1
TB,0.05034,1.3103,0.06597,1.66707,140.0,1
TB,0.05345,1.3103,0.07004,1.71305,140.0,1
TB,0.05655,1.3103,0.07410,1.75904,140.0,1
TB,0.05966,1.3103,0.07817,1.80502,140.0,1
TB,0.06276,1.3103,0.08224,1.84762,140.0,1
TB,0.06586,1.3103,0.08630,1.87992,140.0,1
TB,0.06897,1.3103,0.09037,1.91222,140.0,1
TB,0.07207,1.3103,0.09444,1.94452,140.0,1
TB,0.07517,1.3103,0.09850,1.97682,140.0,1
TB,0.07828,1.3103,0.10257,2.00913,140.0,1
TB,0.08138,1.3103,0.10663,2.04143,140.0,1
TB,0.08448,1.3103,0.11070,2.07085,140.0,1
TB,0.08759,1.3103,0.11477,2.09161,140.0,1
TB,0.09069,1.3103,0.11883,2.11237,140.0,1
TB,0.09379,1.3103,0.12290,2.13313,140.0,1
TB,0.09690,1.3103,0.12697,2.15389,140.0,1
TB,0.10000,1.3103,0.13103,2.17465,140.0,1
TB,0.01000,1.3793,0.01379,1.19362,340.0,1
TB,0.01310,1.3793,0.01807,1.22242,300.0,1
TB,0.01621,1.3793,0.02235,1.25188,300.0,1
TB,0.01931,1.3793,0.02663,1.28425,260.0,1
TB,0.02241,1.3793,0.03092,1.31824,260.0,1
TB,0.02552,1.3793,0.03520,1.35433,220.0,1
TB,0.02862,1.3793,0.03948,1.39312,220.0,1
TB,0.03172,1.3793,0.04376,1.43191,220.0,1
TB,0.03483,1.3793,0.04804,1.47695,180.0,1
TB,0.03793,1.3793,0.05232,1.52106,180.0,1
TB,0.04103,1.3793,0.05660,1.56517,180.0,1
TB,0.04414,1.3793,0.06088,1.60953,140.0,1
TB,0.04724,1.3793,0.06516,1.65793,140.0,1
TB,0.05034,1.3793,0.06944,1.70633,140.0,1
TB,0.05345,1.3793,0.07372,1.75473,140.0,1
TB,0.05655,1.3793,0.07800,1.80313,140.0,1
TB,0.05966,1.3793,0.08228,1.84800,140.0,1
TB,0.06276,1.3793,0.08656,1.88200,140.0,1
TB,0.06586,1.3793,0.09084,1.91600,140.0,1
TB,0.06897,1.3793,0.09512,1.95000,140.0,1
TB,0.07207,1.3793,0.09941,1.98400,140.0,1
TB,0.07517,1.3793,0.10369,2.01800,140.0,1
TB,0.07828,1.3793,0.10797,2.05200,140.0,1
TB,0.08138,1.3793,0.11225,2.07874,140.0,1
TB,0.08448,1.3793,0.11653,2.10060,140.0,1
TB,0.08759,1.3793,0.12081,2.12245,140.0,1
TB,0.09069,1.3793,0.12509,2.14430,140.0,1
TB,0.09379,1.3793,0.12937,2.16615,140.0,1
TB,0.09690,1.3793,0.13365,2.18800,140.0,1
TB,0.10000,1.3793,0.13793,2.20986,140.0,1
TB,0.01000,1.4483,0.01448,1.19768,340.0,1
TB,0.01310,1.4483,0.01898,1.22865,300.0,1
TB,0.01621,1.4483,0.02347,1.25957,300.0,1
TB,0.01931,1.4483,0.02797,1.29482,260.0,1
TB,0.02241,1.4483,0.03246,1.33052,260.0,1
TB,0.02552,1.4483,0.03696,1.37028,220.0,1
TB,0.02862,1.4483,0.04145,1.41101,220.0,1
TB,0.03172,1.4483,0.04595,1.45538,180.0,1
TB,0.03483,1.4483,0.05044,1.50170,180.0,1
TB,0.03793,1.4483,0.05493,1.54802,180.0,1
TB,0.04103,1.4483,0.05943,1.59433,180.0,1
TB,0.04414,1.4483,0.06392,1.64395,140.0,1
TB,0.04724,1.4483,0.06842,1.69477,140.0,1
TB,0.05034,1.4483,0.07291,1.74559,140.0,1
TB,0.05345,1.4483,0.07741,1.79641,140.0,1
TB,0.05655,1.4483,0.08190,1.84497,140.0,1
TB,0.05966,1.4483,0.08640,1.88068,140.0,1
TB,0.06276,1.4483,0.09089,1.91638,140.0,1
TB,0.06586,1.4483,0.09539,1.95208,140.0,1
TB,0.06897,1.4483,0.09988,1.98778,140.0,1
TB,0.07207,1.4483,0.10438,2.02348,140.0,1
TB,0.07517,1.4483,0.10887,2.05918,140.0,1
TB,0.07828,1.4483,0.11337,2.08445,140.0,1
TB,0.08138,1.4483,0.11786,2.10739,140.0,1
TB,0.08448,1.4483,0.12235,2.13034,140.0,1
TB,0.08759,1.4483,0.12685,2.15328,140.0,1
TB,0.09069,1.4483,0.13134,2.17623,140.0,1
TB,0.09379,1.4483,0.13584,2.19917,140.0,1
TB,0.09690,1.4483,0.14033,2.22212,140.0,1
TB,0.10000,1.4483,0.14483,2.24506,140.0,1
TB,0.01000,1.5172,0.01517,1.20174,340.0,1
TB,0.01310,1.5172,0.01988,1.23487,300.0,1
TB,0.01621,1.5172,0.02459,1.26801,260.0,1
TB,0.01931,1.5172,0.02930,1.30540,260.0,1
TB,0.02241,1.5172,0.03401,1.34355,220.0,1
TB,0.02552,1.5172,0.03872,1.38622,220.0,1
TB,0.02862,1.5172,0.04342,1.42890,220.0,1
TB,0.03172,1.5172,0.04813,1.47793,180.0,1
TB,0.03483,1.5172,0.05284,1.52645,180.0,1
TB,0.03793,1.5172,0.05755,1.57497,180.0,1
TB,0.04103,1.5172,0.06226,1.62513,140.0,1
TB,0.04414,1.5172,0.06697,1.67837,140.0,1
TB,0.04724,1.5172,0.07168,1.73161,140.0,1
TB,0.05034,1.5172,0.07639,1.78485,140.0,1
TB,0.05345,1.5172,0.08109,1.83809,140.0,1
TB,0.05655,1.5172,0.08580,1.87595,140.0,1
TB,0.05966,1.5172,0.09051,1.91336,140.0,1
TB,0.06276,1.5172,0.09522,1.95076,140.0,1
TB,0.06586,1.5172,0.09993,1.98816,140.0,1
TB,0.06897,1.5172,0.10464,2.02556,140.0,1
TB,0.07207,1.5172,0.10935,2.06296,140.0,1
TB,0.07517,1.5172,0.11405,2.08797,140.0,1
TB,0.07828,1.5172,0.11876,2.11201,140.0,1
TB,0.08138,1.5172,0.12347,2.13604,140.0,1
TB,0.08448,1.5172,0.12818,2.16008,140.0,1
TB,0.08759,1.5172,0.13289,2.18412,140.0,1
TB,0.09069,1.5172,0.13760,2.20816,140.0,1
TB,0.09379,1.5172,0.14231,2.23219,140.0,1
TB,0.09690,1.5172,0.14702,2.25623,140.0,1
TB,0.10000,1.5172,0.15172,2.27288,140.0,1
TB,0.01000,1.5862,0.01586,1.20579,340.0,1
TB,0.01310,1.5862,0.02078,1.24109,300.0,1
TB,0.01621,1.5862,0.02571,1.27688,260.0,1
TB,0.01931,1.5862,0.03063,1.31597,260.0,1
TB,0.02241,1.5862,0.03555,1.35756,220.0,1
TB,0.02552,1.5862,0.04048,1.40217,220.0,1
TB,0.02862,1.5862,0.04540,1.44974,180.0,1
TB,0.03172,1.5862,0.05032,1.50047,180.0,1
TB,0.03483,1.5862,0.05524,1.55120,180.0,1
TB,0.03793,1.5862,0.06017,1.60191,180.0,1
TB,0.04103,1.5862,0.06509,1.65713,140.0,1
TB,0.04414,1.5862,0.07001,1.71279,140.0,1
TB,0.04724,1.5862,0.07493,1.76845,140.0,1
TB,0.05034,1.5862,0.07986,1.82411,140.0,1
TB,0.05345,1.5862,0.08478,1.86783,140.0,1
TB,0.05655,1.5862,0.08970,1.90693,140.0,1
TB,0.05966,1.5862,0.09463,1.94603,140.0,1
TB,0.06276,1.5862,0.09955,1.98514,140.0,1
TB,0.06586,1.5862,0.10447,2.02424,140.0,1
TB,0.06897,1.5862,0.10939,2.06334,140.0,1
TB,0.07207,1.5862,0.11432,2.08930,140.0,1
TB,0.07517,1.5862,0.11924,2.11443,140.0,1
TB,0.07828,1.5862,0.12416,2.13956,140.0,1
TB,0.08138,1.5862,0.12908,2.16469,140.0,1
TB,0.08448,1.5862,0.13401,2.18982,140.0,1
TB,0.08759,1.5862,0.13893,2.21495,140.0,1
TB,0.09069,1.5862,0.14385,2.24008,140.0,1
TB,0.09379,1.5862,0.14878,2.26386,140.0,1
TB,0.09690,1.5862,0.15370,2.27892,140.0,1
TB,0.10000,1.5862,0.15862,2.29397,140.0,1
TB,0.01000,1.6552,0.01655,1.21078,300.0,1
TB,0.01310,1.6552,0.02169,1.24730,300.0,1
TB,0.01621,1.6552,0.02683,1.28576,260.0,1
TB,0.01931,1.6552,0.03196,1.32655,260.0,1
TB,0.02241,1.6552,0.03710,1.37157,220.0,1
TB,0.02552,1.6552,0.04224,1.41812,220.0,1
TB,0.02862,1.6552,0.04737,1.47008,180.0,1
TB,0.03172,1.6552,0.05251,1.52302,180.0,1
TB,0.03483,1.6552,0.05765,1.57595,180.0,1
TB,0.03793,1.6552,0.06278,1.63104,140.0,1
TB,0.04103,1.6552,0.06792,1.68912,140.0,1
TB,0.04414,1.6552,0.07306,1.74720,140.0,1
TB,0.04724,1.6552,0.07819,1.80528,140.0,1
TB,0.05034,1.6552,0.08333,1.85631,140.0,1
TB,0.05345,1.6552,0.08847,1.89711,140.0,1
TB,0.05655,1.6552,0.09360,1.93791,140.0,1
TB,0.05966,1.6552,0.09874,1.97871,140.0,1
TB,0.06276,1.6552,0.10388,2.01951,140.0,1
TB,0.06586,1.6552,0.10901,2.06032,140.0,1
TB,0.06897,1.6552,0.11415,2.08845,140.0,1
TB,0.07207,1.6552,0.11929,2.11468,140.0,1
TB,0.07517,1.6552,0.12442,2.14090,140.0,1
TB,0.07828,1.6552,0.12956,2.16712,140.0,1
TB,0.08138,1.6552,0.13470,2.19335,140.0,1
TB,0.08448,1.6552,0.13983,2.21957,140.0,1
TB,0.08759,1.6552,0.14497,2.24579,140.0,1
TB,0.09069,1.6552,0.15011,2.26793,140.0,1
TB,0.09379,1.6552,0.15524,2.28364,140.0,1
TB,0.09690,1.6552,0.16038,2.29935,140.0,1
TB,0.10000,1.6552,0.16552,2.31507,140.0,1
TB,0.01000,1.7241,0.01724,1.21606,300.0,1
TB,0.01310,1.7241,0.02259,1.25352,300.0,1
TB,0.01621,1.7241,0.02794,1.29463,260.0,1
TB,0.01931,1.7241,0.03329,1.33709,220.0,1
TB,0.02241,1.7241,0.03864,1.38558,220.0,1
TB,0.02552,1.7241,0.04400,1.43407,220.0,1
TB,0.02862,1.7241,0.04935,1.49042,180.0,1
TB,0.03172,1.7241,0.05470,1.54557,180.0,1
TB,0.03483,1.7241,0.06005,1.60071,180.0,1
TB,0.03793,1.7241,0.06540,1.66062,140.0,1
TB,0.04103,1.7241,0.07075,1.72112,140.0,1
TB,0.04414,1.7241,0.07610,1.78162,140.0,1
TB,0.04724,1.7241,0.08145,1.84139,140.0,1
TB,0.05034,1.7241,0.08680,1.88389,140.0,1
TB,0.05345,1.7241,0.09215,1.92639,140.0,1
TB,0.05655,1.7241,0.09750,1.96889,140.0,1
TB,0.05966,1.7241,0.10285,2.01139,140.0,1
TB,0.06276,1.7241,0.10820,2.05389,140.0,1
TB,0.06586,1.7241,0.11356,2.08542,140.0,1
TB,0.06897,1.7241,0.11891,2.11274,140.0,1
TB,0.07207,1.7241,0.12426,2.14005,140.0,1
TB,0.07517,1.7241,0.12961,2.16737,140.0,1
TB,0.07828,1.7241,0.13496,2.19468,140.0,1
TB,0.08138,1.7241,0.14031,2.22200,140.0,1
TB,0.08448,1.7241,0.14566,2.24931,140.0,1
TB,0.08759,1.7241,0.15101,2.27070,140.0,1
TB,0.09069,1.7241,0.15636,2.28706,140.0,1
TB,0.09379,1.7241,0.16171,2.30343,140.0,1
TB,0.09690,1.7241,0.16706,2.31979,140.0,1
TB,0.10000,1.7241,0.17241,2.33616,140.0,1
TB,0.01000,1.7931,0.01793,1.22133,300.0,1
TB,0.01310,1.7931,0.02350,1.25974,300.0,1
TB,0.01621,1.7931,0.02906,1.30351,260.0,1
TB,0.01931,1.7931,0.03463,1.34915,220.0,1
TB,0.02241,1.7931,0.04019,1.39959,220.0,1
TB,0.02552,1.7931,0.04576,1.45342,180.0,1
TB,0.02862,1.7931,0.05132,1.51077,180.0,1
TB,0.03172,1.7931,0.05688,1.56811,180.0,1
TB,0.03483,1.7931,0.06245,1.62728,140.0,1
TB,0.03793,1.7931,0.06801,1.69020,140.0,1
TB,0.04103,1.7931,0.07358,1.75312,140.0,1
TB,0.04414,1.7931,0.07914,1.81604,140.0,1
TB,0.04724,1.7931,0.08471,1.86726,140.0,1
TB,0.05034,1.7931,0.09027,1.91147,140.0,1
TB,0.05345,1.7931,0.09584,1.95567,140.0,1
TB,0.05655,1.7931,0.10140,1.99987,140.0,1
TB,0.05966,1.7931,0.10697,2.04407,140.0,1
TB,0.06276,1.7931,0.11253,2.08020,140.0,1
TB,0.06586,1.7931,0.11810,2.10861,140.0,1
TB,0.06897,1.7931,0.12366,2.13702,140.0,1
TB,0.07207,1.7931,0.12923,2.16542,140.0,1
TB,0.07517,1.7931,0.13479,2.19383,140.0,1
TB,0.07828,1.7931,0.14036,2.22224,140.0,1
TB,0.08138,1.7931,0.14592,2.25065,140.0,1
TB,0.08448,1.7931,0.15149,2.27215,140.0,1
TB,0.08759,1.7931,0.15705,2.28917,140.0,1
TB,0.09069,1.7931,0.16262,2.30619,140.0,1
TB,0.09379,1.7931,0.16818,2.32321,140.0,1
TB,0.09690,1.7931,0.17375,2.34023,140.0,1
TB,0.10000,1.7931,0.17931,2.35725,140.0,1
TB,0.01000,1.8621,0.01862,1.22620,300.0,1
TB,0.01310,1.8621,0.02440,1.26646,260.0,1
TB,0.01621,1.8621,0.03018,1.31239,260.0,1
TB,0.01931,1.8621,0.03596,1.36122,220.0,1
TB,0.02241,1.8621,0.04174,1.41360,220.0,1
TB,0.02552,1.8621,0.04751,1.47155,180.0,1
TB,0.02862,1.8621,0.05329,1.53111,180.0,1
TB,0.03172,1.8621,0.05907,1.59066,180.0,1
TB,0.03483,1.8621,0.06485,1.65444,140.0,1
TB,0.03793,1.8621,0.07063,1.71978,140.0,1
TB,0.04103,1.8621,0.07641,1.78512,140.0,1
TB,0.04414,1.8621,0.08219,1.84724,140.0,1
TB,0.04724,1.8621,0.08797,1.89314,140.0,1
TB,0.05034,1.8621,0.09375,1.93904,140.0,1
TB,0.05345,1.8621,0.09952,1.98495,140.0,1
TB,0.05655,1.8621,0.10530,2.03085,140.0,1
TB,0.05966,1.8621,0.11108,2.07279,140.0,1
TB,0.06276,1.8621,0.11686,2.10229,140.0,1
TB,0.06586,1.8621,0.12264,2.13179,140.0,1
TB,0.06897,1.8621,0.12842,2.16130,140.0,1
TB,0.07207,1.8621,0.13420,2.19080,140.0,1
TB,0.07517,1.8621,0.13998,2.22030,140.0,1
TB,0.07828,1.8621,0.14576,2.24980,140.0,1
TB,0.08138,1.8621,0.15153,2.27230,140.0,1
TB,0.08448,1.8621,0.15731,2.28997,140.0,1
TB,0.08759,1.8621,0.16309,2.30765,140.0,1
TB,0.09069,1.8621,0.16887,2.32532,140.0,1
TB,0.09379,1.8621,0.17465,2.34299,140.0,1
TB,0.09690,1.8621,0.18043,2.36067,140.0,1
TB,0.10000,1.8621,0.18621,2.37834,140.0,1
TB,0.01000,1.9310,0.01931,1.23094,300.0,1
TB,0.01310,1.9310,0.02530,1.27367,260.0,1
TB,0.01621,1.9310,0.03130,1.32126,260.0,1
TB,0.01931,1.9310,0.03729,1.37329,220.0,1
TB,0.02241,1.9310,0.04328,1.42760,220.0,1
TB,0.02552,1.9310,0.04927,1.48969,180.0,1
TB,0.02862,1.9310,0.05527,1.55145,180.0,1
TB,0.03172,1.9310,0.06126,1.61383,140.0,1
TB,0.03483,1.9310,0.06725,1.68159,140.0,1
TB,0.03793,1.9310,0.07325,1.74936,140.0,1
TB,0.04103,1.9310,0.07924,1.81712,140.0,1
TB,0.04414,1.9310,0.08523,1.87142,140.0,1
TB,0.04724,1.9310,0.09122,1.91902,140.0,1
TB,0.05034,1.9310,0.09722,1.96662,140.0,1
TB,0.05345,1.9310,0.10321,2.01423,140.0,1
TB,0.05655,1.9310,0.10920,2.06183,140.0,1
TB,0.05966,1.9310,0.11520,2.09380,140.0,1
TB,0.06276,1.9310,0.12119,2.12439,140.0,1
TB,0.06586,1.9310,0.12718,2.15498,140.0,1
TB,0.06897,1.9310,0.13317,2.18558,140.0,1
TB,0.07207,1.9310,0.13917,2.21617,140.0,1
TB,0.07517,1.9310,0.14516,2.24676,140.0,1
TB,0.07828,1.9310,0.15115,2.27113,140.0,1
TB,0.08138,1.9310,0.15715,2.28946,140.0,1
TB,0.08448,1.9310,0.16314,2.30779,140.0,1
TB,0.08759,1.9310,0.16913,2.32612,140.0,1
TB,0.09069,1.9310,0.17512,2.34445,140.0,1
TB,0.09379,1.9310,0.18112,2.36278,140.0,1
TB,0.09690,1.9310,0.18711,2.38111,140.0,1
TB,0.10000,1.9310,0.19310,2.39944,140.0,1
TB,0.01000,2.0000,0.02000,1.23569,300.0,1
TB,0.01310,2.0000,0.02621,1.28085,260.0,1
TB,0.01621,2.0000,0.03241,1.33014,260.0,1
TB,0.01931,2.0000,0.03862,1.38536,220.0,1
TB,0.02241,2.0000,0.04483,1.44386,180.0,1
TB,0.02552,2.0000,0.05103,1.50782,180.0,1
TB,0.02862,2.0000,0.05724,1.57179,180.0,1
TB,0.03172,2.0000,0.06345,1.63857,140.0,1
TB,0.03483,2.0000,0.06966,1.70875,140.0,1
TB,0.03793,2.0000,0.07586,1.77893,140.0,1
TB,0.04103,2.0000,0.08207,1.84630,140.0,1
TB,0.04414,2.0000,0.08828,1.89560,140.0,1
TB,0.04724,2.0000,0.09448,1.94490,140.0,1
TB,0.05034,2.0000,0.10069,1.99420,140.0,1
TB,0.05345,2.0000,0.10690,2.04350,140.0,1
TB,0.05655,2.0000,0.11310,2.08311,140.0,1
TB,0.05966,2.0000,0.11931,2.11480,140.0,1
TB,0.06276,2.0000,0.12552,2.14648,140.0,1
TB,0.06586,2.0000,0.13172,2.17817,140.0,1
TB,0.06897,2.0000,0.13793,2.20986,140.0,1
TB,0.07207,2.0000,0.14414,2.24154,140.0,1
TB,0.07517,2.0000,0.15034,2.26866,140.0,1
TB,0.07828,2.0000,0.15655,2.28764,140.0,1
TB,0.08138,2.0000,0.16276,2.30663,140.0,1
TB,0.08448,2.0000,0.16897,2.32561,140.0,1
TB,0.08759,2.0000,0.17517,2.34460,140.0,1
TB,0.09069,2.0000,0.18138,2.36358,140.0,1
TB,0.09379,2.0000,0.18759,2.38256,140.0,1
TB,0.09690,2.0000,0.19379,2.40155,140.0,1
TB,0.10000,2.0000,0.20000,2.42053,140.0,1
wang,0.01000,0.0000,0.00000,0.93266,420.0,0
wang,0.01310,0.0000,0.00000,0.93266,420.0,0
wang,0.01621,0.0000,0.00000,0.93266,420.0,0
wang,0.01931,0.0000,0.00000,0.93266,420.0,0
wang,0.02241,0.0000,0.00000,0.93266,420.0,0
wang,0.02552,0.0000,0.00000,0.93266,420.0,0
wang,0.02862,0.0000,0.00000,0.93266,420.0,0
wang,0.03172,0.0000,0.00000,0.93266,420.0,0
wang,0.03483,0.0000,0.00000,0.93266,420.0,0
wang,0.03793,0.0000,0.00000,0.93266,420.0,0
wang,0.04103,0.0000,0.00000,0.93266,420.0,0
wang,0.04414,0.0000,0.00000,0.93266,420.0,0
wang,0.04724,0.0000,0.00000,0.93266,420.0,0
wang,0.05034,0.0000,0.00000,0.93266,420.0,0
wang,0.05345,0.0000,0.00000,0.93266,420.0,0
wang,0.05655,0.0000,0.00000,0.93266,420.0,0
wang,0.05966,0.0000,0.00000,0.93266,420.0,0
wang,0.06276,0.0000,0.00000,0.93266,420.0,0
wang,0.06586,0.0000,0.00000,0.93266,420.0,0
wang,0.06897,0.0000,0.00000,0.93266,420.0,0
wang,0.07207,0.0000,0.00000,0.93266,420.0,0
wang,0.07517,0.0000,0.00000,0.93266,420.0,0
wang,0.07828,0.0000,0.00000,0.93266,420.0,0
wang,0.08138,0.0000,0.00000,0.93266,420.0,0
wang,0.08448,0.0000,0.00000,0.93266,420.0,0
wang,0.08759,0.0000,0.00000,0.93266,420.0,0
wang,0.09069,0.0000,0.00000,0.93266,420.0,0
wang,0.09379,0.0000,0.00000,0.93266,420.0,0
wang,0.09690,0.0000,0.00000,0.93266,420.0,0
wang,0.10000,0.0000,0.00000,0.93266,420.0,0
wang,0.01000,0.0690,0.00069,0.93569,420.0,0
wang,0.01310,0.0690,0.00090,0.93663,420.0,0
wang,0.01621,0.0690,0.00112,0.93757,420.0,0
wang,0.01931,0.0690,0.00133,0.93850,420.0,0
wang,0.02241,0.0690,0.00155,0.93943,420.0,0
wang,0.02552,0.0690,0.00176,0.94036,420.0,0
wang,0.02862,0.0690,0.00197,0.94128,420.0,0
wang,0.03172,0.0690,0.00219,0.94221,420.0,0
wang,0.03483,0.0690,0.00240,0.94332,380.0,0
wang,0.03793,0.0690,0.00262,0.94443,380.0,0
wang,0.04103,0.0690,0.00283,0.94555,380.0,0
wang,0.04414,0.0690,0.00304,0.94666,380.0,0
wang,0.04724,0.0690,0.00326,0.94776,380.0,0
wang,0.05034,0.0690,0.00347,0.94886,380.0,0
wang,0.05345,0.0690,0.00369,0.94997,380.0,0
wang,0.05655,0.0690,0.00390,0.95107,380.0,0
wang,0.05966,0.0690,0.00411,0.95216,380.0,0
wang,0.06276,0.0690,0.00433,0.95324,380.0,0
wang,0.06586,0.0690,0.00454,0.95433,380.0,0
wang,0.06897,0.0690,0.00476,0.95541,380.0,0
wang,0.07207,0.0690,0.00497,0.95649,380.0,0
wang,0.07517,0.0690,0.00518,0.95757,380.0,0
wang,0.07828,0.0690,0.00540,0.95866,380.0,0
wang,0.08138,0.0690,0.00561,0.95972,380.0,0
wang,0.08448,0.0690,0.00583,0.96078,380.0,0
wang,0.08759,0.0690,0.00604,0.96183,380.0,0
wang,0.09069,0.0690,0.00625,0.96289,380.0,0
wang,0.09379,0.0690,0.00647,0.96395,380.0,0
wang,0.09690,0.0690,0.00668,0.96500,380.0,0
wang,0.10000,0.0690,0.00690,0.96606,380.0,0
wang,0.01000,0.1379,0.00138,0.93871,420.0,0
wang,0.01310,0.1379,0.00181,0.94056,420.0,0
wang,0.01621,0.1379,0.00224,0.94245,380.0,0
wang,0.01931,0.1379,0.00266,0.94468,380.0,0
wang,0.02241,0.1379,0.00309,0.94691,380.0,0
wang,0.02552,0.1379,0.00352,0.94911,380.0,0
wang,0.02862,0.1379,0.00395,0.95131,380.0,0
wang,0.03172,0.1379,0.00438,0.95348,380.0,0
wang,0.03483,0.1379,0.00480,0.95565,380.0,0
wang,0.03793,0.1379,0.00523,0.95781,380.0,0
wang,0.04103,0.1379,0.00566,0.95995,380.0,0
wang,0.04414,0.1379,0.00609,0.96207,380.0,0
wang,0.04724,0.1379,0.00652,0.96418,380.0,0
wang,0.05034,0.1379,0.00694,0.96630,380.0,0
wang,0.05345,0.1379,0.00737,0.96841,380.0,0
wang,0.05655,0.1379,0.00780,0.97045,380.0,0
wang,0.05966,0.1379,0.00823,0.97250,380.0,0
wang,0.06276,0.1379,0.00866,0.97454,380.0,0
wang,0.06586,0.1379,0.00908,0.97659,380.0,0
wang,0.06897,0.1379,0.00951,0.97863,380.0,0
wang,0.07207,0.1379,0.00994,0.98104,340.0,0
wang,0.07517,0.1379,0.01037,0.98344,340.0,0
wang,0.07828,0.1379,0.01080,0.98585,340.0,0
wang,0.08138,0.1379,0.01122,0.98825,340.0,0
wang,0.08448,0.1379,0.01165,0.99065,340.0,0
wang,0.08759,0.1379,0.01208,0.99305,340.0,0
wang,0.09069,0.1379,0.01251,0.99545,340.0,0
wang,0.09379,0.1379,0.01294,0.99786,340.0,0
wang,0.09690,0.1379,0.01337,1.00026,340.0,1
wang,0.10000,0.1379,0.01379,1.00252,340.0,1
wang,0.01000,0.2069,0.00207,0.94170,420.0,0
wang,0.01310,0.2069,0.00271,0.94493,380.0,0
wang,0.01621,0.2069,0.00335,0.94825,380.0,0
wang,0.01931,0.2069,0.00400,0.95156,380.0,0
wang,0.02241,0.2069,0.00464,0.95481,380.0,0
wang,0.02552,0.2069,0.00528,0.95805,380.0,0
wang,0.02862,0.2069,0.00592,0.96125,380.0,0
wang,0.03172,0.2069,0.00656,0.96442,380.0,0
wang,0.03483,0.2069,0.00721,0.96759,380.0,0
wang,0.03793,0.2069,0.00785,0.97068,380.0,0
wang,0.04103,0.2069,0.00849,0.97375,380.0,0
wang,0.04414,0.2069,0.00913,0.97681,380.0,0
wang,0.04724,0.2069,0.00977,0.98007,340.0,0
wang,0.05034,0.2069,0.01042,0.98371,340.0,0
wang,0.05345,0.2069,0.01106,0.98731,340.0,0
wang,0.05655,0.2069,0.01170,0.99092,340.0,0
wang,0.05966,0.2069,0.01234,0.99452,340.0,0
wang,0.06276,0.2069,0.01298,0.99812,340.0,0
wang,0.06586,0.2069,0.01363,1.00164,340.0,1
wang,0.06897,0.2069,0.01427,1.00502,340.0,1
wang,0.07207,0.2069,0.01491,1.00839,340.0,1
wang,0.07517,0.2069,0.01555,1.01176,340.0,1
wang,0.07828,0.2069,0.01620,1.01514,340.0,1
wang,0.08138,0.2069,0.01684,1.01855,300.0,1
wang,0.08448,0.2069,0.01748,1.02278,300.0,1
wang,0.08759,0.2069,0.01812,1.02700,300.0,1
wang,0.09069,0.2069,0.01876,1.03087,300.0,1
wang,0.09379,0.2069,0.01941,1.03473,300.0,1
wang,0.09690,0.2069,0.02005,1.03859,300.0,1
wang,0.10000,0.2069,0.02069,1.04246,300.0,1
wang,0.01000,0.2759,0.00276,0.94518,380.0,0
wang,0.01310,0.2759,0.00361,0.94960,380.0,0
wang,0.01621,0.2759,0.00447,0.95397,380.0,0
wang,0.01931,0.2759,0.00533,0.95830,380.0,0
wang,0.02241,0.2759,0.00618,0.96254,380.0,0
wang,0.02552,0.2759,0.00704,0.96677,380.0,0
wang,0.02862,0.2759,0.00790,0.97091,380.0,0
wang,0.03172,0.2759,0.00875,0.97500,380.0,0
wang,0.03483,0.2759,0.00961,0.97909,340.0,0
wang,0.03793,0.2759,0.01046,0.98398,340.0,0
wang,0.04103,0.2759,0.01132,0.98878,340.0,0
wang,0.04414,0.2759,0.01218,0.99359,340.0,0
wang,0.04724,0.2759,0.01303,0.99839,340.0,0
wang,0.05034,0.2759,0.01389,1.00302,340.0,1
wang,0.05345,0.2759,0.01474,1.00752,340.0,1
wang,0.05655,0.2759,0.01560,1.01201,340.0,1
wang,0.05966,0.2759,0.01646,1.01651,340.0,1
wang,0.06276,0.2759,0.01731,1.02169,300.0,1
wang,0.06586,0.2759,0.01817,1.02729,300.0,1
wang,0.06897,0.2759,0.01902,1.03244,300.0,1
wang,0.07207,0.2759,0.01988,1.03759,300.0,1
wang,0.07517,0.2759,0.02074,1.04274,300.0,1
wang,0.07828,0.2759,0.02159,1.04790,300.0,1
wang,0.08138,0.2759,0.02245,1.05305,300.0,1
wang,0.08448,0.2759,0.02331,1.05820,300.0,1
wang,0.08759,0.2759,0.02416,1.06335,300.0,1
wang,0.09069,0.2759,0.02502,1.06810,300.0,1
wang,0.09379,0.2759,0.02587,1.07381,260.0,1
wang,0.09690,0.2759,0.02673,1.07967,260.0,1
wang,0.10000,0.2759,0.02759,1.08554,260.0,1
wang,0.01000,0.3448,0.00345,0.94874,380.0,0
wang,0.01310,0.3448,0.00452,0.95421,380.0,0
wang,0.01621,0.3448,0.00559,0.95960,380.0,0
wang,0.01931,0.3448,0.00666,0.96489,380.0,0
wang,0.02241,0.3448,0.00773,0.97011,380.0,0
wang,0.02552,0.3448,0.00880,0.97522,380.0,0
wang,0.02862,0.3448,0.00987,0.98063,340.0,0
wang,0.03172,0.3448,0.01094,0.98665,340.0,0
wang,0.03483,0.3448,0.01201,0.99265,340.0,0
wang,0.03793,0.3448,0.01308,0.99866,340.0,0
wang,0.04103,0.3448,0.01415,1.00439,340.0,1
wang,0.04414,0.3448,0.01522,1.01001,340.0,1
wang,0.04724,0.3448,0.01629,1.01564,340.0,1
wang,0.05034,0.3448,0.01736,1.02200,300.0,1
wang,0.05345,0.3448,0.01843,1.02886,300.0,1
wang,0.05655,0.3448,0.01950,1.03530,300.0,1
wang,0.05966,0.3448,0.02057,1.04174,300.0,1
wang,0.06276,0.3448,0.02164,1.04818,300.0,1
wang,0.06586,0.3448,0.02271,1.05462,300.0,1
wang,0.06897,0.3448,0.02378,1.06106,300.0,1
wang,0.07207,0.3448,0.02485,1.06721,300.0,1
wang,0.07517,0.3448,0.02592,1.07414,260.0,1
wang,0.07828,0.3448,0.02699,1.08147,260.0,1
wang,0.08138,0.3448,0.02806,1.08879,260.0,1
wang,0.08448,0.3448,0.02913,1.09612,260.0,1
wang,0.08759,0.3448,0.03020,1.10345,260.0,1
wang,0.09069,0.3448,0.03127,1.11078,260.0,1
wang,0.09379,0.3448,0.03234,1.11811,260.0,1
wang,0.09690,0.3448,0.03341,1.12501,260.0,1
wang,0.10000,0.3448,0.03448,1.13182,220.0,1
wang,0.01000,0.4138,0.00414,0.95228,380.0,0
wang,0.01310,0.4138,0.00542,0.95878,380.0,0
wang,0.01621,0.4138,0.00671,0.96512,380.0,0
wang,0.01931,0.4138,0.00799,0.97136,380.0,0
wang,0.02241,0.4138,0.00927,0.97750,380.0,0
wang,0.02552,0.4138,0.01056,0.98451,340.0,0
wang,0.02862,0.4138,0.01184,0.99172,340.0,0
wang,0.03172,0.4138,0.01313,0.99892,340.0,0
wang,0.03483,0.4138,0.01441,1.00577,340.0,1
wang,0.03793,0.4138,0.01570,1.01251,340.0,1
wang,0.04103,0.4138,0.01698,1.01949,300.0,1
wang,0.04414,0.4138,0.01826,1.02786,300.0,1
wang,0.04724,0.4138,0.01955,1.03559,300.0,1
wang,0.05034,0.4138,0.02083,1.04332,300.0,1
wang,0.05345,0.4138,0.02212,1.05104,300.0,1
wang,0.05655,0.4138,0.02340,1.05877,300.0,1
wang,0.05966,0.4138,0.02468,1.06633,300.0,1
wang,0.06276,0.4138,0.02597,1.07446,260.0,1
wang,0.06586,0.4138,0.02725,1.08326,260.0,1
wang,0.06897,0.4138,0.02854,1.09205,260.0,1
wang,0.07207,0.4138,0.02982,1.10084,260.0,1
wang,0.07517,0.4138,0.03111,1.10964,260.0,1
wang,0.07828,0.4138,0.03239,1.11843,260.0,1
wang,0.08138,0.4138,0.03367,1.12654,260.0,1
wang,0.08448,0.4138,0.03496,1.13550,220.0,1
wang,0.08759,0.4138,0.03624,1.14543,220.0,1
wang,0.09069,0.4138,0.03753,1.15537,220.0,1
wang,0.09379,0.4138,0.03881,1.16530,220.0,1
wang,0.09690,0.4138,0.04010,1.17524,220.0,1
wang,0.10000,0.4138,0.04138,1.18517,220.0,1
wang,0.01000,0.4828,0.00483,0.95577,380.0,0
wang,0.01310,0.4828,0.00633,0.96324,380.0,0
wang,0.01621,0.4828,0.00782,0.97056,380.0,0
wang,0.01931,0.4828,0.00932,0.97772,380.0,0
wang,0.02241,0.4828,0.01082,0.98598,340.0,0
wang,0.02552,0.4828,0.01232,0.99439,340.0,0
wang,0.02862,0.4828,0.01382,1.00264,340.0,1
wang,0.03172,0.4828,0.01532,1.01051,340.0,1
wang,0.03483,0.4828,0.01681,1.01839,300.0,1
wang,0.03793,0.4828,0.01831,1.02815,300.0,1
wang,0.04103,0.4828,0.01981,1.03716,300.0,1
wang,0.04414,0.4828,0.02131,1.04618,300.0,1
wang,0.04724,0.4828,0.02281,1.05519,300.0,1
wang,0.05034,0.4828,0.02430,1.06421,300.0,1
wang,0.05345,0.4828,0.02580,1.07332,260.0,1
wang,0.05655,0.4828,0.02730,1.08358,260.0,1
wang,0.05966,0.4828,0.02880,1.09384,260.0,1
wang,0.06276,0.4828,0.03030,1.10410,260.0,1
wang,0.06586,0.4828,0.03180,1.11436,260.0,1
wang,0.06897,0.4828,0.03329,1.12432,260.0,1
wang,0.07207,0.4828,0.03479,1.13421,220.0,1
wang,0.07517,0.4828,0.03629,1.14580,220.0,1
wang,0.07828,0.4828,0.03779,1.15739,220.0,1
wang,0.08138,0.4828,0.03929,1.16898,220.0,1
wang,0.08448,0.4828,0.04078,1.18057,220.0,1
wang,0.08759,0.4828,0.04228,1.19216,220.0,1
wang,0.09069,0.4828,0.04378,1.20375,220.0,1
wang,0.09379,0.4828,0.04528,1.21432,220.0,1
wang,0.09690,0.4828,0.04678,1.22713,180.0,1
wang,0.10000,0.4828,0.04828,1.24019,180.0,1
wang,0.01000,0.5517,0.00552,0.95925,380.0,0
wang,0.01310,0.5517,0.00723,0.96770,380.0,0
wang,0.01621,0.5517,0.00894,0.97591,380.0,0
wang,0.01931,0.5517,0.01065,0.98505,340.0,0
wang,0.02241,0.5517,0.01237,0.99465,340.0,0
wang,0.02552,0.5517,0.01408,1.00402,340.0,1
wang,0.02862,0.5517,0.01579,1.01301,340.0,1
wang,0.03172,0.5517,0.01750,1.02294,300.0,1
wang,0.03483,0.5517,0.01922,1.03358,300.0,1
wang,0.03793,0.5517,0.02093,1.04389,300.0,1
wang,0.04103,0.5517,0.02264,1.05419,300.0,1
wang,0.04414,0.5517,0.02435,1.06450,300.0,1
wang,0.04724,0.5517,0.02606,1.07511,260.0,1
wang,0.05034,0.5517,0.02778,1.08684,260.0,1
wang,0.05345,0.5517,0.02949,1.09856,260.0,1
wang,0.05655,0.5517,0.03120,1.11029,260.0,1
wang,0.05966,0.5517,0.03291,1.12202,260.0,1
wang,0.06276,0.5517,0.03463,1.13292,220.0,1
wang,0.06586,0.5517,0.03634,1.14617,220.0,1
wang,0.06897,0.5517,0.03805,1.15941,220.0,1
wang,0.07207,0.5517,0.03976,1.17266,220.0,1
wang,0.07517,0.5517,0.04147,1.18591,220.0,1
wang,0.07828,0.5517,0.04319,1.19915,220.0,1
wang,0.08138,0.5517,0.04490,1.21191,220.0,1
wang,0.08448,0.5517,0.04661,1.22568,180.0,1
wang,0.08759,0.5517,0.04832,1.24060,180.0,1
wang,0.09069,0.5517,0.05004,1.25553,180.0,1
wang,0.09379,0.5517,0.05175,1.27045,180.0,1
wang,0.09690,0.5517,0.05346,1.28538,180.0,1
wang,0.10000,0.5517,0.05517,1.30030,180.0,1
wang,0.01000,0.6207,0.00621,0.96265,380.0,0
wang,0.01310,0.6207,0.00813,0.97204,380.0,0
wang,0.01621,0.6207,0.01006,0.98171,340.0,0
wang,0.01931,0.6207,0.01199,0.99252,340.0,0
wang,0.02241,0.6207,0.01391,1.00314,340.0,1
wang,0.02552,0.6207,0.01584,1.01326,340.0,1
wang,0.02862,0.6207,0.01776,1.02466,300.0,1
wang,0.03172,0.6207,0.01969,1.03645,300.0,1
wang,0.03483,0.6207,0.02162,1.04804,300.0,1
wang,0.03793,0.6207,0.02354,1.05963,300.0,1
wang,0.04103,0.6207,0.02547,1.07104,260.0,1
wang,0.04414,0.6207,0.02740,1.08423,260.0,1
wang,0.04724,0.6207,0.02932,1.09742,260.0,1
wang,0.05034,0.6207,0.03125,1.11062,260.0,1
wang,0.05345,0.6207,0.03317,1.12362,260.0,1
wang,0.05655,0.6207,0.03510,1.13660,220.0,1
wang,0.05966,0.6207,0.03703,1.15150,220.0,1
wang,0.06276,0.6207,0.03895,1.16641,220.0,1
wang,0.06586,0.6207,0.04088,1.18131,220.0,1
wang,0.06897,0.6207,0.04281,1.19621,220.0,1
wang,0.07207,0.6207,0.04473,1.21086,220.0,1
wang,0.07517,0.6207,0.04666,1.22609,180.0,1
wang,0.07828,0.6207,0.04859,1.24288,180.0,1
wang,0.08138,0.6207,0.05051,1.25967,180.0,1
wang,0.08448,0.6207,0.05244,1.27646,180.0,1
wang,0.08759,0.6207,0.05436,1.29325,180.0,1
wang,0.09069,0.6207,0.05629,1.31004,180.0,1
wang,0.09379,0.6207,0.05822,1.32683,180.0,1
wang,0.09690,0.6207,0.06014,1.34362,180.0,1
wang,0.10000,0.6207,0.06207,1.35693,140.0,1
wang,0.01000,0.6897,0.00690,0.96606,380.0,0
wang,0.01310,0.6897,0.00904,0.97636,380.0,0
wang,0.01621,0.6897,0.01118,0.98798,340.0,0
wang,0.01931,0.6897,0.01332,0.99999,340.0,0
wang,0.02241,0.6897,0.01546,1.01126,340.0,1
wang,0.02552,0.6897,0.01760,1.02357,300.0,1
wang,0.02862,0.6897,0.01974,1.03673,300.0,1
wang,0.03172,0.6897,0.02188,1.04961,300.0,1
wang,0.03483,0.6897,0.02402,1.06249,300.0,1
wang,0.03793,0.6897,0.02616,1.07577,260.0,1
wang,0.04103,0.6897,0.02830,1.09042,260.0,1
wang,0.04414,0.6897,0.03044,1.10508,260.0,1
wang,0.04724,0.6897,0.03258,1.11974,260.0,1
wang,0.05034,0.6897,0.03472,1.13366,220.0,1
wang,0.05345,0.6897,0.03686,1.15021,220.0,1
wang,0.05655,0.6897,0.03900,1.16677,220.0,1
wang,0.05966,0.6897,0.04114,1.18333,220.0,1
wang,0.06276,0.6897,0.04328,1.19989,220.0,1
wang,0.06586,0.6897,0.04542,1.21531,180.0,1
wang,0.06897,0.6897,0.04756,1.23397,180.0,1
wang,0.07207,0.6897,0.04970,1.25262,180.0,1
wang,0.07517,0.6897,0.05184,1.27128,180.0,1
wang,0.07828,0.6897,0.05398,1.28994,180.0,1
wang,0.08138,0.6897,0.05612,1.30859,180.0,1
wang,0.08448,0.6897,0.05826,1.32725,180.0,1
wang,0.08759,0.6897,0.06040,1.34543,180.0,1
wang,0.09069,0.6897,0.06254,1.36142,140.0,1
wang,0.09379,0.6897,0.06468,1.38164,140.0,1
wang,0.09690,0.6897,0.06683,1.40187,140.0,1
wang,0.10000,0.6897,0.06897,1.42209,140.0,1
wang,0.01000,0.7586,0.00759,0.96943,380.0,0
wang,0.01310,0.7586,0.00994,0.98104,340.0,0
wang,0.01621,0.7586,0.01229,0.99425,340.0,0
wang,0.01931,0.7586,0.01465,1.00702,340.0,1
wang,0.02241,0.7586,0.01700,1.01965,300.0,1
wang,0.02552,0.7586,0.01936,1.03444,300.0,1
wang,0.02862,0.7586,0.02171,1.04861,300.0,1
wang,0.03172,0.7586,0.02407,1.06278,300.0,1
wang,0.03483,0.7586,0.02642,1.07756,260.0,1
wang,0.03793,0.7586,0.02878,1.09368,260.0,1
wang,0.04103,0.7586,0.03113,1.10980,260.0,1
wang,0.04414,0.7586,0.03348,1.12543,260.0,1
wang,0.04724,0.7586,0.03584,1.14230,220.0,1
wang,0.05034,0.7586,0.03819,1.16052,220.0,1
wang,0.05345,0.7586,0.04055,1.17873,220.0,1
wang,0.05655,0.7586,0.04290,1.19695,220.0,1
wang,0.05966,0.7586,0.04526,1.21417,220.0,1
wang,0.06276,0.7586,0.04761,1.23438,180.0,1
wang,0.06586,0.7586,0.04996,1.25490,180.0,1
wang,0.06897,0.7586,0.05232,1.27543,180.0,1
wang,0.07207,0.7586,0.05467,1.29595,180.0,1
wang,0.07517,0.7586,0.05703,1.31647,180.0,1
wang,0.07828,0.7586,0.05938,1.33699,180.0,1
wang,0.08138,0.7586,0.06174,1.35451,180.0,1
wang,0.08448,0.7586,0.06409,1.37603,140.0,1
wang,0.08759,0.7586,0.06644,1.39827,140.0,1
wang,0.09069,0.7586,0.06880,1.42052,140.0,1
wang,0.09379,0.7586,0.07115,1.44276,140.0,1
wang,0.09690,0.7586,0.07351,1.46501,140.0,1
wang,0.10000,0.7586,0.07586,1.48725,140.0,1
wang,0.01000,0.8276,0.00828,0.97272,380.0,0
wang,0.01310,0.8276,0.01084,0.98611,340.0,0
wang,0.01621,0.8276,0.01341,1.00052,340.0,1
wang,0.01931,0.8276,0.01598,1.01401,340.0,1
wang,0.02241,0.8276,0.01855,1.02958,300.0,1
wang,0.02552,0.8276,0.02112,1.04503,300.0,1
wang,0.02862,0.8276,0.02369,1.06049,300.0,1
wang,0.03172,0.8276,0.02625,1.07642,260.0,1
wang,0.03483,0.8276,0.02882,1.09401,260.0,1
wang,0.03793,0.8276,0.03139,1.11159,260.0,1
wang,0.04103,0.8276,0.03396,1.12821,260.0,1
wang,0.04414,0.8276,0.03653,1.14764,220.0,1
wang,0.04724,0.8276,0.03910,1.16751,220.0,1
wang,0.05034,0.8276,0.04166,1.18738,220.0,1
wang,0.05345,0.8276,0.04423,1.20725,220.0,1
wang,0.05655,0.8276,0.04680,1.22734,180.0,1
wang,0.05966,0.8276,0.04937,1.24972,180.0,1
wang,0.06276,0.8276,0.05194,1.27211,180.0,1
wang,0.06586,0.8276,0.05451,1.29450,180.0,1
wang,0.06897,0.8276,0.05707,1.31688,180.0,1
wang,0.07207,0.8276,0.05964,1.33927,180.0,1
wang,0.07517,0.8276,0.06221,1.35827,140.0,1
wang,0.07828,0.8276,0.06478,1.38254,140.0,1
wang,0.08138,0.8276,0.06735,1.40681,140.0,1
wang,0.08448,0.8276,0.06992,1.43108,140.0,1
wang,0.08759,0.8276,0.07249,1.45535,140.0,1
wang,0.09069,0.8276,0.07505,1.47961,140.0,1
wang,0.09379,0.8276,0.07762,1.50388,140.0,1
wang,0.09690,0.8276,0.08019,1.52815,140.0,1
wang,0.10000,0.8276,0.08276,1.54826,140.0,1
wang,0.01000,0.8966,0.00897,0.97602,380.0,0
wang,0.01310,0.8966,0.01175,0.99118,340.0,0
wang,0.01621,0.8966,0.01453,1.00639,340.0,1
wang,0.01931,0.8966,0.01731,1.02169,300.0,1
wang,0.02241,0.8966,0.02010,1.03888,300.0,1
wang,0.02552,0.8966,0.02288,1.05562,300.0,1
wang,0.02862,0.8966,0.02566,1.07235,260.0,1
wang,0.03172,0.8966,0.02844,1.09140,260.0,1
wang,0.03483,0.8966,0.03122,1.11045,260.0,1
wang,0.03793,0.8966,0.03401,1.12849,260.0,1
wang,0.04103,0.8966,0.03679,1.14966,220.0,1
wang,0.04414,0.8966,0.03957,1.17119,220.0,1
wang,0.04724,0.8966,0.04235,1.19272,220.0,1
wang,0.05034,0.8966,0.04514,1.21342,220.0,1
wang,0.05345,0.8966,0.04792,1.23708,180.0,1
wang,0.05655,0.8966,0.05070,1.26133,180.0,1
wang,0.05966,0.8966,0.05348,1.28558,180.0,1
wang,0.06276,0.8966,0.05627,1.30984,180.0,1
wang,0.06586,0.8966,0.05905,1.33409,180.0,1
wang,0.06897,0.8966,0.06183,1.35516,180.0,1
wang,0.07207,0.8966,0.06461,1.38097,140.0,1
wang,0.07517,0.8966,0.06740,1.40726,140.0,1
wang,0.07828,0.8966,0.07018,1.43355,140.0,1
wang,0.08138,0.8966,0.07296,1.45984,140.0,1
wang,0.08448,0.8966,0.07574,1.48613,140.0,1
wang,0.08759,0.8966,0.07853,1.51242,140.0,1
wang,0.09069,0.8966,0.08131,1.53850,140.0,1
wang,0.09379,0.8966,0.08409,1.55721,140.0,1
wang,0.09690,0.8966,0.08687,1.57592,140.0,1
wang,0.10000,0.8966,0.08966,1.59463,140.0,1
wang,0.01000,0.9655,0.00966,0.97937,340.0,0
wang,0.01310,0.9655,0.01265,0.99626,340.0,0
wang,0.01621,0.9655,0.01565,1.01226,340.0,1
wang,0.01931,0.9655,0.01864,1.03015,300.0,1
wang,0.02241,0.9655,0.02164,1.04818,300.0,1
wang,0.02552,0.9655,0.02464,1.06607,300.0,1
wang,0.02862,0.9655,0.02763,1.08586,260.0,1
wang,0.03172,0.9655,0.03063,1.10638,260.0,1
wang,0.03483,0.9655,0.03363,1.12626,260.0,1
wang,0.03793,0.9655,0.03662,1.14837,220.0,1
wang,0.04103,0.9655,0.03962,1.17156,220.0,1
wang,0.04414,0.9655,0.04262,1.19474,220.0,1
wang,0.04724,0.9655,0.04561,1.21697,180.0,1
wang,0.05034,0.9655,0.04861,1.24309,180.0,1
wang,0.05345,0.9655,0.05161,1.26921,180.0,1
wang,0.05655,0.9655,0.05460,1.29533,180.0,1
wang,0.05966,0.9655,0.05760,1.32144,180.0,1
wang,0.06276,0.9655,0.06059,1.34673,180.0,1
wang,0.06586,0.9655,0.06359,1.37131,140.0,1
wang,0.06897,0.9655,0.06659,1.39962,140.0,1
wang,0.07207,0.9655,0.06958,1.42793,140.0,1
wang,0.07517,0.9655,0.07258,1.45624,140.0,1
wang,0.07828,0.9655,0.07558,1.48456,140.0,1
wang,0.08138,0.9655,0.07857,1.51287,140.0,1
wang,0.08448,0.9655,0.08157,1.54026,140.0,1
wang,0.08759,0.9655,0.08457,1.56041,140.0,1
wang,0.09069,0.9655,0.08756,1.58056,140.0,1
wang,0.09379,0.9655,0.09056,1.60071,140.0,1
wang,0.09690,0.9655,0.09356,1.62086,140.0,1
wang,0.10000,0.9655,0.09655,1.64101,140.0,1
wang,0.01000,1.0345,0.01034,0.98331,340.0,0
wang,0.01310,1.0345,0.01356,1.00127,340.0,1
wang,0.01621,1.0345,0.01677,1.01813,340.0,1
wang,0.01931,1.0345,0.01998,1.03816,300.0,1
wang,0.02241,1.0345,0.02319,1.05748,300.0,1
wang,0.02552,1.0345,0.02640,1.07739,260.0,1
wang,0.02862,1.0345,0.02961,1.09938,260.0,1
wang,0.03172,1.0345,0.03282,1.12136,260.0,1
wang,0.03483,1.0345,0.03603,1.14377,220.0,1
wang,0.03793,1.0345,0.03924,1.16861,220.0,1
wang,0.04103,1.0345,0.04245,1.19345,220.0,1
wang,0.04414,1.0345,0.04566,1.21739,180.0,1
wang,0.04724,1.0345,0.04887,1.24537,180.0,1
wang,0.05034,1.0345,0.05208,1.27335,180.0,1
wang,0.05345,1.0345,0.05529,1.30134,180.0,1
wang,0.05655,1.0345,0.05850,1.32932,180.0,1
wang,0.05966,1.0345,0.06171,1.35435,180.0,1
wang,0.06276,1.0345,0.06492,1.38389,140.0,1
wang,0.06586,1.0345,0.06813,1.41423,140.0,1
wang,0.06897,1.0345,0.07134,1.44456,140.0,1
wang,0.07207,1.0345,0.07455,1.47489,140.0,1
wang,0.07517,1.0345,0.07776,1.50523,140.0,1
wang,0.07828,1.0345,0.08098,1.53556,140.0,1
wang,0.08138,1.0345,0.08419,1.55785,140.0,1
wang,0.08448,1.0345,0.08740,1.57944,140.0,1
wang,0.08759,1.0345,0.09061,1.60103,140.0,1
wang,0.09069,1.0345,0.09382,1.62262,140.0,1
wang,0.09379,1.0345,0.09703,1.64421,140.0,1
wang,0.09690,1.0345,0.10024,1.66579,140.0,1
wang,0.10000,1.0345,0.10345,1.68738,140.0,1
wang,0.01000,1.1034,0.01103,0.98718,340.0,0
wang,0.01310,1.1034,0.01446,1.00602,340.0,1
wang,0.01621,1.1034,0.01788,1.02545,300.0,1
wang,0.01931,1.1034,0.02131,1.04618,300.0,1
wang,0.02241,1.1034,0.02473,1.06658,300.0,1
wang,0.02552,1.1034,0.02816,1.08945,260.0,1
wang,0.02862,1.1034,0.03158,1.11290,260.0,1
wang,0.03172,1.1034,0.03501,1.13586,220.0,1
wang,0.03483,1.1034,0.03843,1.16236,220.0,1
wang,0.03793,1.1034,0.04185,1.18885,220.0,1
wang,0.04103,1.1034,0.04528,1.21432,220.0,1
wang,0.04414,1.1034,0.04870,1.24392,180.0,1
wang,0.04724,1.1034,0.05213,1.27377,180.0,1
wang,0.05034,1.1034,0.05555,1.30362,180.0,1
wang,0.05345,1.1034,0.05898,1.33347,180.0,1
wang,0.05655,1.1034,0.06240,1.36007,140.0,1
wang,0.05966,1.1034,0.06583,1.39243,140.0,1
wang,0.06276,1.1034,0.06925,1.42479,140.0,1
wang,0.06586,1.1034,0.07268,1.45714,140.0,1
wang,0.06897,1.1034,0.07610,1.48950,140.0,1
wang,0.07207,1.1034,0.07952,1.52186,140.0,1
wang,0.07517,1.1034,0.08295,1.54954,140.0,1
wang,0.07828,1.1034,0.08637,1.57256,140.0,1
wang,0.08138,1.1034,0.08980,1.59559,140.0,1
wang,0.08448,1.1034,0.09322,1.61862,140.0,1
wang,0.08759,1.1034,0.09665,1.64165,140.0,1
wang,0.09069,1.1034,0.10007,1.66467,140.0,1
wang,0.09379,1.1034,0.10350,1.68770,140.0,1
wang,0.09690,1.1034,0.10692,1.71073,140.0,1
wang,0.10000,1.1034,0.11034,1.73222,140.0,1
wang,0.01000,1.1724,0.01172,0.99105,340.0,0
wang,0.01310,1.1724,0.01536,1.01076,340.0,1
wang,0.01621,1.1724,0.01900,1.03230,300.0,1
wang,0.01931,1.1724,0.02264,1.05419,300.0,1
wang,0.02241,1.1724,0.02628,1.07658,260.0,1
wang,0.02552,1.1724,0.02992,1.10150,260.0,1
wang,0.02862,1.1724,0.03356,1.12585,260.0,1
wang,0.03172,1.1724,0.03719,1.15279,220.0,1
wang,0.03483,1.1724,0.04083,1.18094,220.0,1
wang,0.03793,1.1724,0.04447,1.20909,220.0,1
wang,0.04103,1.1724,0.04811,1.23874,180.0,1
wang,0.04414,1.1724,0.05175,1.27045,180.0,1
wang,0.04724,1.1724,0.05539,1.30217,180.0,1
wang,0.05034,1.1724,0.05902,1.33388,180.0,1
wang,0.05345,1.1724,0.06266,1.36254,140.0,1
wang,0.05655,1.1724,0.06630,1.39692,140.0,1
wang,0.05966,1.1724,0.06994,1.43130,140.0,1
wang,0.06276,1.1724,0.07358,1.46568,140.0,1
wang,0.06586,1.1724,0.07722,1.50006,140.0,1
wang,0.06897,1.1724,0.08086,1.53444,140.0,1
wang,0.07207,1.1724,0.08449,1.55993,140.0,1
wang,0.07517,1.1724,0.08813,1.58440,140.0,1
wang,0.07828,1.1724,0.09177,1.60886,140.0,1
wang,0.08138,1.1724,0.09541,1.63333,140.0,1
wang,0.08448,1.1724,0.09905,1.65780,140.0,1
wang,0.08759,1.1724,0.10269,1.68226,140.0,1
wang,0.09069,1.1724,0.10633,1.70673,140.0,1
wang,0.09379,1.1724,0.10996,1.73055,140.0,1
wang,0.09690,1.1724,0.11360,1.74648,140.0,1
wang,0.10000,1.1724,0.11724,1.76241,140.0,1
wang,0.01000,1.2414,0.01241,0.99492,340.0,0
wang,0.01310,1.2414,0.01627,1.01551,340.0,1
wang,0.01621,1.2414,0.02012,1.03902,300.0,1
wang,0.01931,1.2414,0.02397,1.06221,300.0,1
wang,0.02241,1.2414,0.02782,1.08717,260.0,1
wang,0.02552,1.2414,0.03168,1.11355,260.0,1
wang,0.02862,1.2414,0.03553,1.13991,220.0,1
wang,0.03172,1.2414,0.03938,1.16972,220.0,1
wang,0.03483,1.2414,0.04323,1.19952,220.0,1
wang,0.03793,1.2414,0.04709,1.22982,180.0,1
wang,0.04103,1.2414,0.05094,1.26340,180.0,1
wang,0.04414,1.2414,0.05479,1.29698,180.0,1
wang,0.04724,1.2414,0.05864,1.33056,180.0,1
wang,0.05034,1.2414,0.06250,1.36097,140.0,1
wang,0.05345,1.2414,0.06635,1.39737,140.0,1
wang,0.05655,1.2414,0.07020,1.43377,140.0,1
wang,0.05966,1.2414,0.07405,1.47018,140.0,1
wang,0.06276,1.2414,0.07791,1.50658,140.0,1
wang,0.06586,1.2414,0.08176,1.54154,140.0,1
wang,0.06897,1.2414,0.08561,1.56745,140.0,1
wang,0.07207,1.2414,0.08946,1.59335,140.0,1
wang,0.07517,1.2414,0.09332,1.61926,140.0,1
wang,0.07828,1.2414,0.09717,1.64516,140.0,1
wang,0.08138,1.2414,0.10102,1.67107,140.0,1
wang,0.08448,1.2414,0.10488,1.69698,140.0,1
wang,0.08759,1.2414,0.10873,1.72288,140.0,1
wang,0.09069,1.2414,0.11258,1.74200,140.0,1
wang,0.09379,1.2414,0.11643,1.75887,140.0,1
wang,0.09690,1.2414,0.12029,1.77574,140.0,1
wang,0.10000,1.2414,0.12414,1.79261,140.0,1
wang,0.01000,1.3103,0.01310,0.99879,340.0,0
wang,0.01310,1.3103,0.01717,1.02074,300.0,1
wang,0.01621,1.3103,0.02124,1.04575,300.0,1
wang,0.01931,1.3103,0.02530,1.06990,260.0,1
wang,0.02241,1.3103,0.02937,1.09775,260.0,1
wang,0.02552,1.3103,0.03344,1.12515,260.0,1
wang,0.02862,1.3103,0.03750,1.15518,220.0,1
wang,0.03172,1.3103,0.04157,1.18664,220.0,1
wang,0.03483,1.3103,0.04564,1.21718,180.0,1
wang,0.03793,1.3103,0.04970,1.25262,180.0,1
wang,0.04103,1.3103,0.05377,1.28807,180.0,1
wang,0.04414,1.3103,0.05784,1.32352,180.0,1
wang,0.04724,1.3103,0.06190,1.35564,180.0,1
wang,0.05034,1.3103,0.06597,1.39378,140.0,1
wang,0.05345,1.3103,0.07004,1.43220,140.0,1
wang,0.05655,1.3103,0.07410,1.47063,140.0,1
wang,0.05966,1.3103,0.07817,1.50905,140.0,1
wang,0.06276,1.3103,0.08224,1.54474,140.0,1
wang,0.06586,1.3103,0.08630,1.57208,140.0,1
wang,0.06897,1.3103,0.09037,1.59943,140.0,1
wang,0.07207,1.3103,0.09444,1.62677,140.0,1
wang,0.07517,1.3103,0.09850,1.65412,140.0,1
wang,0.07828,1.3103,0.10257,1.68146,140.0,1
wang,0.08138,1.3103,0.10663,1.70881,140.0,1
wang,0.08448,1.3103,0.11070,1.73378,140.0,1
wang,0.08759,1.3103,0.11477,1.75158,140.0,1
wang,0.09069,1.3103,0.11883,1.76939,140.0,1
wang,0.09379,1.3103,0.12290,1.78720,140.0,1
wang,0.09690,1.3103,0.12697,1.80500,140.0,1
wang,0.10000,1.3103,0.13103,1.82281,140.0,1
wang,0.01000,1.3793,0.01379,1.00252,340.0,1
wang,0.01310,1.3793,0.01807,1.02670,300.0,1
wang,0.01621,1.3793,0.02235,1.05247,300.0,1
wang,0.01931,1.3793,0.02663,1.07902,260.0,1
wang,0.02241,1.3793,0.03092,1.10834,260.0,1
wang,0.02552,1.3793,0.03520,1.13734,220.0,1
wang,0.02862,1.3793,0.03948,1.17045,220.0,1
wang,0.03172,1.3793,0.04376,1.20357,220.0,1
wang,0.03483,1.3793,0.04804,1.23811,180.0,1
wang,0.03793,1.3793,0.05232,1.27543,180.0,1
wang,0.04103,1.3793,0.05660,1.31274,180.0,1
wang,0.04414,1.3793,0.06088,1.34867,180.0,1
wang,0.04724,1.3793,0.06516,1.38614,140.0,1
wang,0.05034,1.3793,0.06944,1.42658,140.0,1
wang,0.05345,1.3793,0.07372,1.46703,140.0,1
wang,0.05655,1.3793,0.07800,1.50748,140.0,1
wang,0.05966,1.3793,0.08228,1.54506,140.0,1
wang,0.06276,1.3793,0.08656,1.57384,140.0,1
wang,0.06586,1.3793,0.09084,1.60263,140.0,1
wang,0.06897,1.3793,0.09512,1.63141,140.0,1
wang,0.07207,1.3793,0.09941,1.66020,140.0,1
wang,0.07517,1.3793,0.10369,1.68898,140.0,1
wang,0.07828,1.3793,0.10797,1.71777,140.0,1
wang,0.08138,1.3793,0.11225,1.74055,140.0,1
wang,0.08448,1.3793,0.11653,1.75929,140.0,1
wang,0.08759,1.3793,0.12081,1.77803,140.0,1
wang,0.09069,1.3793,0.12509,1.79678,140.0,1
wang,0.09379,1.3793,0.12937,1.81552,140.0,1
wang,0.09690,1.3793,0.13365,1.83426,140.0,1
wang,0.10000,1.3793,0.13793,1.85301,140.0,1
wang,0.01000,1.4483,0.01448,1.00614,340.0,1
wang,0.01310,1.4483,0.01898,1.03215,300.0,1
wang,0.01621,1.4483,0.02347,1.05920,300.0,1
wang,0.01931,1.4483,0.02797,1.08814,260.0,1
wang,0.02241,1.4483,0.03246,1.11892,260.0,1
wang,0.02552,1.4483,0.03696,1.15095,220.0,1
wang,0.02862,1.4483,0.04145,1.18572,220.0,1
wang,0.03172,1.4483,0.04595,1.21987,180.0,1
wang,0.03483,1.4483,0.05044,1.25905,180.0,1
wang,0.03793,1.4483,0.05493,1.29823,180.0,1
wang,0.04103,1.4483,0.05943,1.33740,180.0,1
wang,0.04414,1.4483,0.06392,1.37445,140.0,1
wang,0.04724,1.4483,0.06842,1.41692,140.0,1
wang,0.05034,1.4483,0.07291,1.45939,140.0,1
wang,0.05345,1.4483,0.07741,1.50186,140.0,1
wang,0.05655,1.4483,0.08190,1.54250,140.0,1
wang,0.05966,1.4483,0.08640,1.57272,140.0,1
wang,0.06276,1.4483,0.09089,1.60295,140.0,1
wang,0.06586,1.4483,0.09539,1.63317,140.0,1
wang,0.06897,1.4483,0.09988,1.66339,140.0,1
wang,0.07207,1.4483,0.10438,1.69362,140.0,1
wang,0.07517,1.4483,0.10887,1.72384,140.0,1
wang,0.07828,1.4483,0.11337,1.74544,140.0,1
wang,0.08138,1.4483,0.11786,1.76512,140.0,1
wang,0.08448,1.4483,0.12235,1.78480,140.0,1
wang,0.08759,1.4483,0.12685,1.80448,140.0,1
wang,0.09069,1.4483,0.13134,1.82416,140.0,1
wang,0.09379,1.4483,0.13584,1.84384,140.0,1
wang,0.09690,1.4483,0.14033,1.86352,140.0,1
wang,0.10000,1.4483,0.14483,1.88320,140.0,1
wang,0.01000,1.5172,0.01517,1.00976,340.0,1
wang,0.01310,1.5172,0.01988,1.03759,300.0,1
wang,0.01621,1.5172,0.02459,1.06582,300.0,1
wang,0.01931,1.5172,0.02930,1.09726,260.0,1
wang,0.02241,1.5172,0.03401,1.12849,260.0,1
wang,0.02552,1.5172,0.03872,1.16457,220.0,1
wang,0.02862,1.5172,0.04342,1.20099,220.0,1
wang,0.03172,1.5172,0.04813,1.23894,180.0,1
wang,0.03483,1.5172,0.05284,1.27999,180.0,1
wang,0.03793,1.5172,0.05755,1.32103,180.0,1
wang,0.04103,1.5172,0.06226,1.35872,140.0,1
wang,0.04414,1.5172,0.06697,1.40321,140.0,1
wang,0.04724,1.5172,0.07168,1.44771,140.0,1
wang,0.05034,1.5172,0.07639,1.49220,140.0,1
wang,0.05345,1.5172,0.08109,1.53669,140.0,1
wang,0.05655,1.5172,0.08580,1.56873,140.0,1
wang,0.05966,1.5172,0.09051,1.60039,140.0,1
wang,0.06276,1.5172,0.09522,1.63205,140.0,1
wang,0.06586,1.5172,0.09993,1.66371,140.0,1
wang,0.06897,1.5172,0.10464,1.69538,140.0,1
wang,0.07207,1.5172,0.10935,1.72704,140.0,1
wang,0.07517,1.5172,0.11405,1.74846,140.0,1
wang,0.07828,1.5172,0.11876,1.76908,140.0,1
wang,0.08138,1.5172,0.12347,1.78970,140.0,1
wang,0.08448,1.5172,0.12818,1.81031,140.0,1
wang,0.08759,1.5172,0.13289,1.83093,140.0,1
wang,0.09069,1.5172,0.13760,1.85155,140.0,1
wang,0.09379,1.5172,0.14231,1.87217,140.0,1
wang,0.09690,1.5172,0.14702,1.89278,140.0,1
wang,0.10000,1.5172,0.15172,1.90718,140.0,1
wang,0.01000,1.5862,0.01586,1.01339,340.0,1
wang,0.01310,1.5862,0.02078,1.04303,300.0,1
wang,0.01621,1.5862,0.02571,1.07267,260.0,1
wang,0.01931,1.5862,0.03063,1.10638,260.0,1
wang,0.02241,1.5862,0.03555,1.14010,220.0,1
wang,0.02552,1.5862,0.04048,1.17818,220.0,1
wang,0.02862,1.5862,0.04540,1.21511,180.0,1
wang,0.03172,1.5862,0.05032,1.25801,180.0,1
wang,0.03483,1.5862,0.05524,1.30092,180.0,1
wang,0.03793,1.5862,0.06017,1.34381,180.0,1
wang,0.04103,1.5862,0.06509,1.38546,140.0,1
wang,0.04414,1.5862,0.07001,1.43198,140.0,1
wang,0.04724,1.5862,0.07493,1.47849,140.0,1
wang,0.05034,1.5862,0.07986,1.52500,140.0,1
wang,0.05345,1.5862,0.08478,1.56185,140.0,1
wang,0.05655,1.5862,0.08970,1.59495,140.0,1
wang,0.05966,1.5862,0.09463,1.62805,140.0,1
wang,0.06276,1.5862,0.09955,1.66116,140.0,1
wang,0.06586,1.5862,0.10447,1.69426,140.0,1
wang,0.06897,1.5862,0.10939,1.72736,140.0,1
wang,0.07207,1.5862,0.11432,1.74961,140.0,1
wang,0.07517,1.5862,0.11924,1.77116,140.0,1
wang,0.07828,1.5862,0.12416,1.79272,140.0,1
wang,0.08138,1.5862,0.12908,1.81427,140.0,1
wang,0.08448,1.5862,0.13401,1.83583,140.0,1
wang,0.08759,1.5862,0.13893,1.85738,140.0,1
wang,0.09069,1.5862,0.14385,1.87894,140.0,1
wang,0.09379,1.5862,0.14878,1.89935,140.0,1
wang,0.09690,1.5862,0.15370,1.91242,140.0,1
wang,0.10000,1.5862,0.15862,1.92550,140.0,1
wang,0.01000,1.6552,0.01655,1.01701,340.0,1
wang,0.01310,1.6552,0.02169,1.04847,300.0,1
wang,0.01621,1.6552,0.02683,1.08033,260.0,1
wang,0.01931,1.6552,0.03196,1.11550,260.0,1
wang,0.02241,1.6552,0.03710,1.15205,220.0,1
wang,0.02552,1.6552,0.04224,1.19180,220.0,1
wang,0.02862,1.6552,0.04737,1.23231,180.0,1
wang,0.03172,1.6552,0.05251,1.27708,180.0,1
wang,0.03483,1.6552,0.05765,1.32186,180.0,1
wang,0.03793,1.6552,0.06278,1.36367,140.0,1
wang,0.04103,1.6552,0.06792,1.41220,140.0,1
wang,0.04414,1.6552,0.07306,1.46074,140.0,1
wang,0.04724,1.6552,0.07819,1.50927,140.0,1
wang,0.05034,1.6552,0.08333,1.55209,140.0,1
wang,0.05345,1.6552,0.08847,1.58664,140.0,1
wang,0.05655,1.6552,0.09360,1.62118,140.0,1
wang,0.05966,1.6552,0.09874,1.65572,140.0,1
wang,0.06276,1.6552,0.10388,1.69026,140.0,1
wang,0.06586,1.6552,0.10901,1.72480,140.0,1
wang,0.06897,1.6552,0.11415,1.74888,140.0,1
wang,0.07207,1.6552,0.11929,1.77137,140.0,1
wang,0.07517,1.6552,0.12442,1.79386,140.0,1
wang,0.07828,1.6552,0.12956,1.81635,140.0,1
wang,0.08138,1.6552,0.13470,1.83885,140.0,1
wang,0.08448,1.6552,0.13983,1.86134,140.0,1
wang,0.08759,1.6552,0.14497,1.88383,140.0,1
wang,0.09069,1.6552,0.15011,1.90289,140.0,1
wang,0.09379,1.6552,0.15524,1.91653,140.0,1
wang,0.09690,1.6552,0.16038,1.93017,140.0,1
wang,0.10000,1.6552,0.16552,1.94381,140.0,1
wang,0.01000,1.7241,0.01724,1.02122,300.0,1
wang,0.01310,1.7241,0.02259,1.05391,300.0,1
wang,0.01621,1.7241,0.02794,1.08798,260.0,1
wang,0.01931,1.7241,0.03329,1.12432,260.0,1
wang,0.02241,1.7241,0.03864,1.16401,220.0,1
wang,0.02552,1.7241,0.04400,1.20541,220.0,1
wang,0.02862,1.7241,0.04935,1.24951,180.0,1
wang,0.03172,1.7241,0.05470,1.29615,180.0,1
wang,0.03483,1.7241,0.06005,1.34279,180.0,1
wang,0.03793,1.7241,0.06540,1.38838,140.0,1
wang,0.04103,1.7241,0.07075,1.43894,140.0,1
wang,0.04414,1.7241,0.07610,1.48950,140.0,1
wang,0.04724,1.7241,0.08145,1.53946,140.0,1
wang,0.05034,1.7241,0.08680,1.57544,140.0,1
wang,0.05345,1.7241,0.09215,1.61142,140.0,1
wang,0.05655,1.7241,0.09750,1.64740,140.0,1
wang,0.05966,1.7241,0.10285,1.68338,140.0,1
wang,0.06276,1.7241,0.10820,1.71936,140.0,1
wang,0.06586,1.7241,0.11356,1.74627,140.0,1
wang,0.06897,1.7241,0.11891,1.76970,140.0,1
wang,0.07207,1.7241,0.12426,1.79313,140.0,1
wang,0.07517,1.7241,0.12961,1.81656,140.0,1
wang,0.07828,1.7241,0.13496,1.83999,140.0,1
wang,0.08138,1.7241,0.14031,1.86342,140.0,1
wang,0.08448,1.7241,0.14566,1.88685,140.0,1
wang,0.08759,1.7241,0.15101,1.90529,140.0,1
wang,0.09069,1.7241,0.15636,1.91950,140.0,1
wang,0.09379,1.7241,0.16171,1.93371,140.0,1
wang,0.09690,1.7241,0.16706,1.94792,140.0,1
wang,0.10000,1.7241,0.17241,1.96213,140.0,1
wang,0.01000,1.7931,0.01793,1.02576,300.0,1
wang,0.01310,1.7931,0.02350,1.05934,300.0,1
wang,0.01621,1.7931,0.02906,1.09563,260.0,1
wang,0.01931,1.7931,0.03463,1.13292,220.0,1
wang,0.02241,1.7931,0.04019,1.17597,220.0,1
wang,0.02552,1.7931,0.04576,1.21821,180.0,1
wang,0.02862,1.7931,0.05132,1.26672,180.0,1
wang,0.03172,1.7931,0.05688,1.31522,180.0,1
wang,0.03483,1.7931,0.06245,1.36052,140.0,1
wang,0.03793,1.7931,0.06801,1.41310,140.0,1
wang,0.04103,1.7931,0.07358,1.46568,140.0,1
wang,0.04414,1.7931,0.07914,1.51826,140.0,1
wang,0.04724,1.7931,0.08471,1.56137,140.0,1
wang,0.05034,1.7931,0.09027,1.59879,140.0,1
wang,0.05345,1.7931,0.09584,1.63621,140.0,1
wang,0.05655,1.7931,0.10140,1.67363,140.0,1
wang,0.05966,1.7931,0.10697,1.71105,140.0,1
wang,0.06276,1.7931,0.11253,1.74180,140.0,1
wang,0.06586,1.7931,0.11810,1.76616,140.0,1
wang,0.06897,1.7931,0.12366,1.79053,140.0,1
wang,0.07207,1.7931,0.12923,1.81490,140.0,1
wang,0.07517,1.7931,0.13479,1.83926,140.0,1
wang,0.07828,1.7931,0.14036,1.86363,140.0,1
wang,0.08138,1.7931,0.14592,1.88799,140.0,1
wang,0.08448,1.7931,0.15149,1.90655,140.0,1
wang,0.08759,1.7931,0.15705,1.92133,140.0,1
wang,0.09069,1.7931,0.16262,1.93611,140.0,1
wang,0.09379,1.7931,0.16818,1.95089,140.0,1
wang,0.09690,1.7931,0.17375,1.96567,140.0,1
wang,0.10000,1.7931,0.17931,1.98045,140.0,1
wang,0.01000,1.8621,0.01862,1.03001,300.0,1
wang,0.01310,1.8621,0.02440,1.06478,300.0,1
wang,0.01621,1.8621,0.03018,1.10329,260.0,1
wang,0.01931,1.8621,0.03596,1.14322,220.0,1
wang,0.02241,1.8621,0.04174,1.18793,220.0,1
wang,0.02552,1.8621,0.04751,1.23355,180.0,1
wang,0.02862,1.8621,0.05329,1.28392,180.0,1
wang,0.03172,1.8621,0.05907,1.33430,180.0,1
wang,0.03483,1.8621,0.06485,1.38322,140.0,1
wang,0.03793,1.8621,0.07063,1.43782,140.0,1
wang,0.04103,1.8621,0.07641,1.49242,140.0,1
wang,0.04414,1.8621,0.08219,1.54442,140.0,1
wang,0.04724,1.8621,0.08797,1.58328,140.0,1
wang,0.05034,1.8621,0.09375,1.62214,140.0,1
wang,0.05345,1.8621,0.09952,1.66100,140.0,1
wang,0.05655,1.8621,0.10530,1.69985,140.0,1
wang,0.05966,1.8621,0.11108,1.73544,140.0,1
wang,0.06276,1.8621,0.11686,1.76075,140.0,1
wang,0.06586,1.8621,0.12264,1.78605,140.0,1
wang,0.06897,1.8621,0.12842,1.81136,140.0,1
wang,0.07207,1.8621,0.13420,1.83666,140.0,1
wang,0.07517,1.8621,0.13998,1.86196,140.0,1
wang,0.07828,1.8621,0.14576,1.88727,140.0,1
wang,0.08138,1.8621,0.15153,1.90668,140.0,1
wang,0.08448,1.8621,0.15731,1.92202,140.0,1
wang,0.08759,1.8621,0.16309,1.93737,140.0,1
wang,0.09069,1.8621,0.16887,1.95272,140.0,1
wang,0.09379,1.8621,0.17465,1.96807,140.0,1
wang,0.09690,1.8621,0.18043,1.98341,140.0,1
wang,0.10000,1.8621,0.18621,1.99876,140.0,1
wang,0.01000,1.9310,0.01931,1.03416,300.0,1
wang,0.01310,1.9310,0.02530,1.06990,260.0,1
wang,0.01621,1.9310,0.03130,1.11094,260.0,1
wang,0.01931,1.9310,0.03729,1.15353,220.0,1
wang,0.02241,1.9310,0.04328,1.19989,220.0,1
wang,0.02552,1.9310,0.04927,1.24889,180.0,1
wang,0.02862,1.9310,0.05527,1.30113,180.0,1
wang,0.03172,1.9310,0.06126,1.35127,180.0,1
wang,0.03483,1.9310,0.06725,1.40591,140.0,1
wang,0.03793,1.9310,0.07325,1.46254,140.0,1
wang,0.04103,1.9310,0.07924,1.51916,140.0,1
wang,0.04414,1.9310,0.08523,1.56489,140.0,1
wang,0.04724,1.9310,0.09122,1.60519,140.0,1
wang,0.05034,1.9310,0.09722,1.64548,140.0,1
wang,0.05345,1.9310,0.10321,1.68578,140.0,1
wang,0.05655,1.9310,0.10920,1.72608,140.0,1
wang,0.05966,1.9310,0.11520,1.75346,140.0,1
wang,0.06276,1.9310,0.12119,1.77970,140.0,1
wang,0.06586,1.9310,0.12718,1.80594,140.0,1
wang,0.06897,1.9310,0.13317,1.83218,140.0,1
wang,0.07207,1.9310,0.13917,1.85842,140.0,1
wang,0.07517,1.9310,0.14516,1.88466,140.0,1
wang,0.07828,1.9310,0.15115,1.90567,140.0,1
wang,0.08138,1.9310,0.15715,1.92158,140.0,1
wang,0.08448,1.9310,0.16314,1.93750,140.0,1
wang,0.08759,1.9310,0.16913,1.95341,140.0,1
wang,0.09069,1.9310,0.17512,1.96933,140.0,1
wang,0.09379,1.9310,0.18112,1.98525,140.0,1
wang,0.09690,1.9310,0.18711,2.00116,140.0,1
wang,0.10000,1.9310,0.19310,2.01708,140.0,1
wang,0.01000,2.0000,0.02000,1.03831,300.0,1
wang,0.01310,2.0000,0.02621,1.07609,260.0,1
wang,0.01621,2.0000,0.03241,1.11860,260.0,1
wang,0.01931,2.0000,0.03862,1.16383,220.0,1
wang,0.02241,2.0000,0.04483,1.21146,220.0,1
wang,0.02552,2.0000,0.05103,1.26423,180.0,1
wang,0.02862,2.0000,0.05724,1.31833,180.0,1
wang,0.03172,2.0000,0.06345,1.36996,140.0,1
wang,0.03483,2.0000,0.06966,1.42861,140.0,1
wang,0.03793,2.0000,0.07586,1.48725,140.0,1
wang,0.04103,2.0000,0.08207,1.54362,140.0,1
wang,0.04414,2.0000,0.08828,1.58536,140.0,1
wang,0.04724,2.0000,0.09448,1.62709,140.0,1
wang,0.05034,2.0000,0.10069,1.66883,140.0,1
wang,0.05345,2.0000,0.10690,1.71057,140.0,1
wang,0.05655,2.0000,0.11310,1.74430,140.0,1
wang,0.05966,2.0000,0.11931,1.77147,140.0,1
wang,0.06276,2.0000,0.12552,1.79865,140.0,1
wang,0.06586,2.0000,0.13172,1.82583,140.0,1
wang,0.06897,2.0000,0.13793,1.85301,140.0,1
wang,0.07207,2.0000,0.14414,1.88018,140.0,1
wang,0.07517,2.0000,0.15034,1.90352,140.0,1
wang,0.07828,2.0000,0.15655,1.92000,140.0,1
wang,0.08138,2.0000,0.16276,1.93649,140.0,1
wang,0.08448,2.0000,0.16897,1.95297,140.0,1
wang,0.08759,2.0000,0.17517,1.96946,140.0,1
wang,0.09069,2.0000,0.18138,1.98594,140.0,1
wang,0.09379,2.0000,0.18759,2.00242,140.0,1
wang,0.09690,2.0000,0.19379,2.01891,140.0,1
wang,0.10000,2.0000,0.20000,2.03539,140.0,1
